event_date,year,cartel_a,cartel_b,fatalities,admin1,location,latitude,longitude,notes
2018-01-12,2018,CJNG,Huachicoleros,4,Veracruz de Ignacio de la Llave,Sayula de Aleman,17.881,-94.9601,"Around 12 January 2018 (as reported), in Sayula de Aleman municipality, Veracruz, the heads of four dead men were found on the hood of a car, and their torsos inside the trunk of an abandoned car in San Isidro community. A narco message was left making reference to the Jalisco New Generation Cartel, and accusing the dead men of being oil thieves and killers. 4 fatalities."
2018-02-10,2018,CJNG,Gulf Cartel (Golfo),6,Jalisco,Chimaltitan,21.7786,-103.7806,"On 10 February 2018, in Chimaltitan city, Jalisco, six members of a criminal gang, suspected New Generation Jalisco Cartel (CJNG), were killed in an ambush by another criminal gang, suspected Gulf Cartel members (Cartel del Golfo), and one was left wounded."
2018-02-12,2018,Los Chulos,Los Pitos,0,Yucatan,Ticul,20.3973,-89.536,"On 12 February 2018, in Barrio San Enrique, Ticul, Yucatan, an armed clash between Los Chulos and Los Pitos took place in the street. No injuries or fatalities reported."
2018-02-17,2018,Los Chulos,Los Pitos,0,Yucatan,Tzucacab,20.0719,-89.0503,"On 17 February 2018, in Tzucacab, Yucatan, there was a clash between the Chulos and Pitos gangs. According to reports, the two bands were fighting in the street, and the Police arrived to disperse the gangsters. No fatalities or injuries reported. 3 men were arrested."
2018-03-11,2018,CJNG,La Familia Michoacana,1,Michoacan de Ocampo,Villamar,20.0196,-102.5961,"Around 11 March 2018 (as reported), in Villamar, Michoacan, the leader of the CJNG was killed by members of the Nueva Familia Michoacana. His body was found dismembered in Colonia La Enramada. The victim was a former member of the Nueva Familia Michoacana and later joined the CJNG Cartel. 1 fatality."
2018-05-08,2018,Los Escorpiones,Los Metros,1,Tamaulipas,Reynosa,26.0924,-98.2781,"On 8 May 2018, in Reynosa, Tamaulipas, an armed clash between Los Metros and Los Escorpiones erupted during early morning hours close to El Campanario neighborhood. Reports informed of one man killed and one injured. Motives of the clash remain unclear."
2018-05-09,2018,Los Escorpiones,Los Metros,0,Tamaulipas,Reynosa,26.0924,-98.2781,"On 9 May 2018, a raid on the Reynosa border of an armed convoy of the organised crime group Los Escorpiones triggered an armed clash with a cell of Los Metros Gang in Reynosa. 1 casualty reported."
2018-05-28,2018,Los Escorpiones,Los Metros,0,Tamaulipas,Nuevo Progreso,26.0536,-97.9517,"On 28 May 2018, in Nuevo Progreso, Tamaulipas, close to the toll booth there was an armed clash between Los Escorpiones Gang and Los Metros Gang. Later in the afternoon, there was a convoy of at least 30 trucks and cars with the sign of the branch of Los Metros Gang known as M31 with unidentified objects burning. Neither fatalities nor injuries reported."
2018-08-20,2018,Cartel del Noreste,Los Metros,3,Tamaulipas,Los Guerra,26.3914,-99.0793,"On 20 August 2018, in Los Guerra, Tamaulipas, an armed clash was reported between members of the North-East Cartel and members of the Los Metros Gang cartel who are part of the Gulf Cartel. The number of fatalities is unknown but reportedly, members of both gangs were killed in the clash. Unknown fatalities coded as 3."
2018-09-14,2018,Fuerza Anti Union,La Union Tepito,6,Ciudad de Mexico,Ciudad de Mexico - Cuauhtemoc,19.4313,-99.1531,"On 14 September 2018, in the Cuauhtemoc area of Ciudad de Mexico, Distrito Federal, three armed people dressed as Mariachi entered a building and opened fire against members of the Fuerza Anti Union. Three people died immediately and three died in the hospital. Other people resulted wounded as the perpetrators fled the scene. 6 fatalities."
2018-09-14,2018,CJNG,Los Viagras,0,Michoacan de Ocampo,Buenavista Tomatlan,19.2117,-102.588,"Around 14 September 2018 (as reported), in Buenavista Tomatlan, Michoacan, several armed clashes took place between the CJNG and Los Viagras over the last two weeks, displacing 30 families from the municipalities seeking refuge in churches in Buenavista and Paracuaro. The arrest of 4 CJNG members were one of the reasons for armed clashes in the region."
2018-09-17,2018,Cartel del Noreste,Los Metros,0,Tamaulipas,Ciudad Miguel Aleman,26.401,-99.0261,"On 17 September 2018, in Ciudad Miguel Aleman, Tamaulipas, there was an armed clash between Los Metros Gang who were protecting their territory against rivals from the CDN Cartel. No fatalities reported."
2018-09-18,2018,Los Escorpiones,Los Metros,1,Tamaulipas,Reynosa,26.0924,-98.2781,"On 18 September 2018, in Reynosa, Tamaulipas, in the morning hours, there were armed clashes between Los Metros and their rivals, Los Escorpiones. There were burning cars and (narco) roadblocks on the roads leading out of the city. Shootings also took place in other Colonias of the city. 1 dead-body was found in Colonia Aztlan-Fuentes."
2018-09-19,2018,CJNG,Los Viagras,0,Michoacan de Ocampo,Buenavista Tomatlan,19.2117,-102.588,"On the third week of Sept, members of Los Viagras and members of the Jalisco New Generation Cartel engaged in an armed confrontation in Buenavista Tomatlan. No casualties were reported."
2018-10-06,2018,Gulf Cartel (Golfo),Los Metros,1,Tamaulipas,Reynosa,26.0924,-98.2781,"On 6 October 2018, in Reynosa, Tamaulipas, individuals belonging to the 'Panilo' cell of the Gulf Cartel and groups of 'Los Metros' held several armed clashes in various parts of the city and set a (narco) roadblock. Military and federal police, with the help of Civil Protection and Fire, intervened to remove the blockages. A suspected criminal was found dead inside a truck near the Libramiento R…"
2018-11-17,2018,Cartel del Noreste,Los Zetas,1,Tamaulipas,Nuevo Laredo,27.4863,-99.5085,"On 17 November 2018, in Nuevo Laredo, Tamaulipas, an alleged founder of the Zetas cartel was stabbed to death inside a jailed, controlled by the CDN Cartel. Later, the body of the victim was stolen from a funeral home, and parts of his body were found on 28 November along with other victims in Cadereyta Jimenez (coded separately) and in Monterrey. 1 fatality."
2018-11-28,2018,Cartel del Noreste,Los Zetas Vieja Escuela,3,Nuevo Leon,Cadereyta Jimenez,25.591,-100.0016,"Around 28 November 2018 (as reported), in Cadereyta Jimenez, Nuevo Leon, an undetermined number of people were killed and their remains were found in front of a prison. The remains were inside an ice box along with a message signed by the Cartel del Noreste with threats to Los Zetas Vieja Escuela Gang. Some of the remains correspond to one of the founders of the Los Zetas Vieja Escuela Gang who w…"
2018-12-04,2018,CJNG,Los Zetas,7,Puebla,Esperanza,18.8584,-97.3751,"On 4 December 2018, in the municipality of Esperanza, Puebla, members of the CJNG and Los Zetas clashed on the road that connects Puebla to Orizaba. 7 members of Los Zetas died and their bodies were left on a road with a threatening message. 7 fatalities."
2018-12-09,2018,CJNG,Santa Rosa de Lima,2,Guanajuato,Salamanca,20.5687,-101.1999,"Around 9 December 2018 (as reported), in Salamanca, Guanajuato, two people were killed and their bodies were found dismembered with a narco-message signed by the Jalisco New Generation Cartel in the Ranch 'La Luz'. The victims are alleged members of the Santa Rosa de Lima Cartel. 2 fatalities."
2018-12-11,2018,Fuerza Anti Union,La Union Tepito,1,Ciudad de Mexico,Ciudad de Mexico - Venustiano Carranza,19.4193,-99.1137,"On 11 December 2018, in Colonia Revolucion, Venustiano Carranza, Ciudad de Mexico, members of the Tepito Union Cartel attacked a member of the Fuerza Anti-Union. The victim died in the attack."
2018-12-13,2018,CJNG,Los Viagras,0,Michoacan de Ocampo,Buenavista Tomatlan,19.2117,-102.588,"On 13 December 2018, members of the Jalisco New Generation Cartel and Los Viagras clashed in Buenavista. No victims were reported."
2018-12-16,2018,Sinaloa Cartel,Tijuana,1,Jalisco,Tlajomulco de Zuniga,20.4736,-103.4431,"On 16 December 2018, in Tlajomulco de Zuniga, Jalisco state, the leader of the Cartel Arellano Felix (CAF) in Tijuana was killed. According to the investigating authorities, the Cartel de Sinaloa (CDS) was behind the assassination."
2019-01-19,2019,CJNG,Los Rojos,7,Morelos,Emiliano Zapata,18.8394,-99.1856,"On 19 January 2019 in Emiliano Zapata, Morelos, one woman was shot by several gunshots while having dinner in a restaurant. Hours later, four people were found dead in a car with their hands and feet tied. In colonia El Gante, the bodies of two men who were previously shot were found. According to authorities, this attack is a result of the fight between Los Rojos and Cartel de Jalisco Nueva Gene…"
2019-01-20,2019,CJNG,Los Rojos,2,Morelos,Emiliano Zapata,18.8394,-99.1856,"On 20 January 2019, in Emiliano Zapata, Morelos, a couple was shot several times by unknown attackers. According to authorities, this attack is a result of the fight between Los Rojos and Cartel de Jalisco Nueva Generacion. 2 fatalities."
2019-01-20,2019,CJNG,Los Rojos,1,Morelos,Ciudad Ayala,18.7663,-98.9853,"On 20 January 2019, in Ciudad Ayala, Morelos, a man was found burnt. According to authorities, this attack is a result of the fight between Los Rojos and Cartel de Jalisco Nueva Generacion. 1 fatality."
2019-01-22,2019,CJNG,Los Zetas,4,Zacatecas,Loreto,22.2722,-101.9866,"On 22 January 2019, in Loreto, Zacatecas alleged members of the cartels Jalisco Nueva Generacion and Los Zetas-Talibanes clashed, and four alleged gang members died. 4 dead."
2019-02-05,2019,CJNG,Santa Rosa de Lima,5,Guanajuato,Valle de Santiago,20.3913,-101.1814,"On 5 February 2019, alleged members of the Santa Rosa de Lima Cartel attacked a vulcanizer in the 20 de Noviembre neighbourhood, Valle de Santiago town (Valle de Santiago, Guanajuato), shooting dead 5 people and severely injuring another person, all alleged CJNG members. The police forces believe the events are linked to feuds between gangs engaged in fuel theft."
2019-02-05,2019,Cartel del Noreste,Gulf Cartel (Golfo),1,Nuevo Leon,Monterrey,25.6647,-100.311,"On 5 February 2019, in Monterrey (Nuevo Leon), a dismembered head was found inside a black bag on the streets of Luis Mora and Miguel Nieto. Motive is linked to a dispute between the gangs of Cartel del Noroeste and Cartel del Golfo."
2019-02-28,2019,Huachicoleros,Santa Rosa de Lima,5,Guanajuato,Valle de Santiago,20.3913,-101.1814,"As reported on 28 February 2019, in Valle de Santiago (Guanajuato), members of the Santa Rosa de Lima Cartel and suspected huachicoleros engaged in a shoot-out. According to reports, the armed clash was related to rivalries over hydrocarbon theft in the region. 5 suspects were killed, and no arrests were reported."
2019-03-04,2019,CJNG,Los Viagras,0,Michoacan de Ocampo,Apatzingan de la Constitucion,19.0872,-102.3553,"On 4 March 2019, in Apatzingan, an armed clash between two criminals groups took place, one called 'Los Viagras' and another from the CJNG: Jalisco New Generation Cartel. The clash affected 6 neighborhoods: El Duende, Lazaro Cardenas, Palmira, Las Palmas, Priest and Palo Alto. The shooting lasted around two hours, three policemen were injured."
2019-03-09,2019,CJNG,Santa Rosa de Lima,15,Guanajuato,Salamanca,20.5687,-101.1999,"On 9 March 2019, in Salamanca (Guanajuato), a group of 7 armed members of the Santa Rosa de Lima Cartel started shooting indiscriminately against civilians at a club in the San Roque neighbourhood. The massacre took place in the context of on-going Police and Army operations to dismantle the Santa Rosa de Lima Cartel, and it was reported that some of the victims belonged to the Jalisco New Genera…"
2019-03-21,2019,CJNG,Los Zetas,1,Jalisco,Guadalajara,20.6764,-103.3422,"Around 21 March 2019, in Guadalajara, Jalisco, a video of alleged members of CJNG-Cartel Jalisco New Generation surfaced on social media where alleged members kill an alleged member of Los Zetas in an unknown location. Precise date of killing is unclear."
2019-04-09,2019,CJNG,Los Viagras,0,Michoacan de Ocampo,Apatzingan de la Constitucion,19.0872,-102.3553,"Around 09 April 2019, an armed clash between members of the CJNG and Los Viagras was reported in the ranch San Jose de Chila, Apatzingan de la Constitucion. No fatalities or casualty reported."
2019-04-18,2019,Los Chulos,Los Pitos,0,Yucatan,Ticul,20.3973,-89.536,"On 18 April 2019, in Ticul, Yucatan, two rivalling criminal groups _os Chulos_and _os Pitos_clashed. Several persons were injured with bladed weapons. Even though security forces were alerted, no one was arrested."
2019-04-19,2019,CJNG,Los Zetas,14,Veracruz de Ignacio de la Llave,Minatitlan,17.991,-94.5484,"On 19 April 2019, in Minatitlan, Veracruz, members of Los Zetas Gang attacked the restaurant La Potra with the intent of killing its owner who was related to the CJNG: Jalisco New Generation Cartel. Preliminary investigations state that a private party held by the labour union of oil workers _eccion 10_was a collateral damage of the attack. 14 persons died, (6 women, 7 men, 1 baby), 5 more person…"
2019-05-13,2019,Fuerza Anti Union,La Union Tepito,3,Ciudad de Mexico,Ciudad de Mexico - Cuauhtemoc,19.4313,-99.1531,"On 13 May 2019, an armed clash between an armed group and the Tepito Union Cartel was registered in Tepito, Cuauhtemoc, Ciudad de Mexico. Three members of the Tepito Union Cartel died in the clash, and one was wounded, which indicates that the other group is most likely la Anti-Union. 3 fatalities, 1 casualty."
2019-05-22,2019,CJNG,Los Viagras,10,Michoacan de Ocampo,Uruapan,19.4209,-102.0628,"On 22 May 2019, an armed clash between members of the CJNG and Los Viagras Gang was registered in colonia Arroyo Colorado in Uruapan. 10 civilians died and 4-5 were wounded. 10 fatalities, 4 casualties."
2019-05-30,2019,CJNG,Los Viagras,0,Michoacan de Ocampo,Morelia,19.7034,-101.192,"On 30 May 2019, about 289 kilometers from Morelia, Michoacan, members of the CJNG and Los Viagras Gang clashed. Neither fatality nor injuries reported."
2019-05-30,2019,CJNG,Los Viagras,0,Michoacan de Ocampo,Aguililla,18.7342,-102.7884,"On 30 May 2019, in Pena Colorada, Aguililla, Michoacan, members of CJNG and Los Viagras Gang clashed. Neither fatality nor injuries reported."
2019-05-30,2019,CJNG,Los Viagras,0,Michoacan de Ocampo,Coalcoman de Vazquez Pallares,18.7771,-103.1596,"On 30 May 2019, in Coalcoman, Michoacan, members of the CJNG and Los Viagras Gang clashed. Neither fatality nor injuries reported."
2019-07-13,2019,La Union Tepito,Sinaloa Cartel,1,Ciudad de Mexico,Ciudad de Mexico - Cuauhtemoc,19.4313,-99.1531,"On 13 July 2019, in Tepito, Cuauhtemoc, Ciudad de Mexico, a member of a group known as 'Los Sinaloas' which is part of the Sinaloa Cartel, was attacked by members of the Tepito Union Cartel. The man died in the attack."
2019-07-28,2019,Fuerza Anti Union,La Union Tepito,2,Ciudad de Mexico,Ciudad de Mexico - Cuauhtemoc,19.4313,-99.1531,"On 28 July 2019, in Cuauhtemoc, Ciudad de Mexico, DF, a shooting was registered in colonia Morelos, Tepito neighbourhood, resulting in the death of two persons and wounding of three persons. The exchange of fire is allegedly connected to rivalry between the Fuerza Anti Union and another criminal group. The victims allegedly were extortioners affiliated with the Union Tepito. 2 fatalities, 4 injur…"
2019-08-10,2019,Gente Nueva,La Linea,3,Chihuahua,Madera,29.19,-108.1414,"On 10 August 2019, in Madera, Chihuahua, an armed clash between members of the Gente Nueva Cartel and Sinaloa Cartel against Juarez and La Linea Gang was registered in Las Varas. The clash continued until 11 August and six people died. Six fatalities were split over two days."
2019-08-11,2019,Gente Nueva,La Linea,3,Chihuahua,Madera,29.19,-108.1414,"On 11 August 2019, in Madera, Chihuahua, an armed clash between members of the Gente Nueva gang and Sinaloa Cartel against Juarez and La Linea Gang was registered in Las Varas. The clash started on 10 August and continued until 11 August. Six people died. Six fatalities were split over two days."
2019-08-13,2019,CJNG,Los Viagras,0,Michoacan de Ocampo,Morelia,19.7034,-101.192,"On 13 August 2019, possibly in Michoacan, a video showing how three alleged members of the CJNG are tortured by members of Los Viagra was released. It is not clear whether the three CJNG members are alive."
2019-09-04,2019,CJNG,Cartel del Noreste,1,San Luis Potosi,San Luis Potosi,22.1517,-100.977,"As reported on 4 September 2019, in a video published by the CJNG, members of this cartel killed a man who they mentioned belonged to the North-East Cartel. The video had a message to the police accusing them of defending the presence of this cartel in San Luis Potosi."
2019-09-12,2019,CJNG,La Familia Michoacana,0,Michoacan de Ocampo,Morelia,19.7034,-101.192,"As reported on 12 September 2019, on a video recorded by members of the Familia Michoacana Cartel tortured a man of the CJNG. There is no information about the location of the event."
2019-10-07,2019,CJNG,Cartel del Noreste,3,Tamaulipas,Ciudad Victoria,23.7311,-99.1513,"As reported on 7 October 2019, members of the North-East Cartel published a video showing the execution of three members of the CJNG and sending a threatening message to this Cartel who is sending men to Tamaulipas state."
2019-10-21,2019,CJNG,Los Viagras,0,Michoacan de Ocampo,Tocumbo,19.7035,-102.5219,"On 21 October 2019, on the Tocumbo-Cotija highway, Michoacan, there was an armed clash between members of the CJNG and Los Viagras. 0 fatalities, 0 injuries"
2019-10-28,2019,CJNG,La Familia Michoacana,1,Michoacan de Ocampo,Morelia,19.7034,-101.192,"As reported on 28 October 2019, in Michoacan, members of La Familia Michoacana Cartel published a video in which they showed how they tortured and killed a member of the CJNG."
2019-10-29,2019,CJNG,Los Rojos,1,Morelos,Xochitepec,18.7808,-99.2305,"On 29 October 2019, in Xochitepec, Morelos, groups of prisoners clashed inside the Atlacholoaya prison. The clash was related to disputes for the control of the prison. One prisoner died and another one was injured."
2019-10-30,2019,CJNG,Los Rojos,4,Morelos,Xochitepec,18.7808,-99.2305,"On 30 October 2019, in Xochitepec, Morelos, prisoners members of the CJNG and Los Rojos clashed inside the Atlacholoaya prison. The clash was related to disputes for the control of the prison. According to reports, four prisoners died, among them a leader of the CJNG and a leader of Los Rojos, and 15 other were injured."
2019-12-15,2019,Cartel del Noreste,Los Metros,0,Tamaulipas,Ciudad Miguel Aleman,26.401,-99.0261,"As reported on 15 December 2019, a video appeared on social networks showing an armed clash between members of the criminal group Los Metros and members of the North-East Cartel in the Municipality of Miguel Aleman, Taumalipas. It is not known when the confrontation took place or if there were any injuries or deaths."
2020-01-13,2020,CJNG,Los Viagras,3,Michoacan de Ocampo,Churumuco de Morelos,18.6654,-101.6483,"As reported on 13 January 2020, in Churumuco de Morelos, Michoacan, there was an armed clash between members of CJNG and the Viagras cartel. The Municipal Police tried to intervene in the confrontation. Also, six vehicles were burned on the road to Zicuiran. 3 people died, 7 were injured and 4 police officers disappeared."
2020-01-14,2020,CJNG,La Familia Michoacana,1,Guerrero,Zirandaro de los Chavez,18.4791,-100.9759,"On 14 January 2020, in Zirandaro, Guerrero, members of the CJNG clashed with members of La Familia Michoacana Cartel. After the clash, police officers found one dead man."
2020-02-04,2020,CJNG,Los Viagras,9,Michoacan de Ocampo,Uruapan,19.4209,-102.0628,"On 04 February 2020, in Uruapan, Michoacan, after asking about two alleged members of the Viagras Cartel, four armed individuals shot at the people who were in a slot machine shop in Colonia La Magdalena. The shop was allegedly used as a drug outlet for the Viagra cartel. The perpetrators would be alleged members of a branch of the CJNG. Nine people died and two were injured."
2020-02-05,2020,CJNG,La Familia Michoacana,4,Michoacan de Ocampo,Santiago Tangamandapio,19.954,-102.4328,"On 5 February 2020, in Tangamandapio, Michoacan, armed groups clashed. Four men were found dead inside a car. Police officers found firearms inside the car and three of the victims were wearing military clothes. According to reports, the clash was between members of CJNG and Familia Michoacana Cartel."
2020-02-08,2020,CJNG,La Familia Michoacana,0,Guerrero,Zirandaro de los Chavez,18.4791,-100.9759,"On 8 February 2020, in Zirandaro, Guerrero, members of La Familia Michoana and CJNG clashed in EL Chivo village. According to reports, around 200 people displaced from El Chivo, La Calera and La Estancia communities fearing more clashes. Neither fatalities nor injuries reported."
2020-02-20,2020,CJNG,Los Viagras,1,Tamaulipas,Ciudad Victoria,23.7311,-99.1513,"As reported on 20 February 2020, members of the CJNG published a video in which they showed how they tortured and executed a member of Los Viagras. According to reports, these groups have increased their confrontation in Tamaulipas state."
2020-02-27,2020,CJNG,Santa Rosa de Lima,2,Guanajuato,Guanajuato,21.0161,-101.2536,"As reported on 27 February 2020, members of the Santa Rosa de Lima Cartel published a video in which the show how they torture and executed two members of the CNJG after they were kidnapped. The members of the CNJG were beheaded. According to reports, the conflict between both cartels is focused in Guanajuato state."
2020-03-12,2020,Cartel del Noreste,Gulf Cartel (Golfo),0,Nuevo Leon,Doctor Coss,25.9249,-99.1831,"On 12 March 2020, near Doctor Coss, Nuevo Leon, an armed confrontation was reported between armed individuals in several vehicles on the road from Doctor Coss to the Pena Blanca-Santa Rosalia junction. After the confrontation, several burned-out vehicle were left behind and there are no reports of injuries. According to reports, the armed individuals were part of the Gulf Cartel and the North-Eas…"
2020-03-18,2020,CJNG,Carteles Unidos,9,Michoacan de Ocampo,La Huacana,18.9629,-101.8089,"Around 18 March 2020 (as reported), in La Huacana municipality, Michoacan, members of CJNG clashed with the United Cartel. 18 fatalities split across 2 locations."
2020-03-18,2020,CJNG,Carteles Unidos,9,Michoacan de Ocampo,Aguililla,18.7342,-102.7884,"Around 18 March 2020 (as reported), in Aguililla municipality, Michoacan, members of CJNG clashed with the United Cartel. 18 fatalities split across 2 locations."
2020-03-22,2020,CJNG,Los Viagras,1,Mexico,Tenango de Arista,19.1044,-99.5908,"On 22 March 2020, in Tenango del Valle municipality, Mexico, a man, allegedly member of Los Viagras, was found dead at Santiaguito Coaxustenco bridge. The victim was beheaded and a threatening message against Los Viagras was left signed by CJNG. 1 fatality."
2020-03-25,2020,CJNG,Los Viagras,0,Michoacan de Ocampo,Aguililla,18.7342,-102.7884,"On 25 March 2020, in the Municipality of Aguililla, Michoacan, an armed clash between members of CJNG and the Viagra Gang was reported in the community of El Aguaje. According to reports in the confrontation at least 40 CJNG vans were involved. It is not known if there were any injuries or deaths"
2020-04-03,2020,Gente Nueva,La Linea,19,Chihuahua,Madera,29.19,-108.1414,"On 3 April 2020, in Madera, Chihuahua, the criminal group La Linea and the group Gente Nueva clashed. After the clash, police officers found 19 dead men, 1 injured, 18 firearms, two vehicles and two grenades in the place of the event. 19 fatalities and 1 injured."
2020-04-14,2020,CJNG,Los Viagras,0,Michoacan de Ocampo,El Limoncito,18.5802,-102.9057,"On 14 April 2020, at the border between El Limoncito and El Aguaje in Aguililla municipality, Michoacan, members of the CJNG and Los Viagras clashed. Neither fatalities nor injuries reported."
2020-04-26,2020,CJNG,Los Viagras,21,Michoacan de Ocampo,Aguililla,18.7342,-102.7884,"As reported on 26 April 2020, in Aguililla municipality, Michoacan, an armed clash between members of CJNG and Los Viagras Gang was reported in the community of La Huerta. 12 men who were shot dead and 6 burned bodies were found. According to the report the inhabitants of the Huertas say they have found 3 extra dead bodies related to the event."
2020-05-22,2020,CJNG,Sinaloa Cartel,8,Jalisco,Puente Grande,20.5692,-103.1543,"On 22 May 2020, in Puente Grande, Jalisco, prisoners who are members of CJNG and Sinaloa Carte clashed inside a prison. The prisoners used firearms. According to reports, the clash was related to disputes over the control of the prison. Eight men died and another eight were injured. 8 fatalities and 8 injured."
2020-05-23,2020,CJNG,La Familia Michoacana,12,Michoacan de Ocampo,Huetamo de Nunez,18.6264,-100.8997,"Around 23 May 2020 (as reported), in the Municipality of Huetamo, Michoacan, 12 alleged members of CJNG were killed and their bodies were found in a pickup truck near the border with the municipality of Altamirano, Guerrero along with a narco message signed by La Familia Michoacana who claimed responsibility for the attack with a video posted online. According to one report, the killings could ha…"
2020-05-23,2020,Cartel del Noreste,Gulf Cartel (Golfo),3,Nuevo Leon,Doctor Coss,25.9249,-99.1831,"Around 23 May 2020 (weekend of), near Doctor Coss, Nuevo Leon, several armed clashes between alleged members of The Gulf Cartel and the CDN were reported on the Pena Blanca-Comales road. The bodies of three people and two burned-out vans were found. According to the report there could have been up to 25 deaths but the bodies were not found."
2020-05-25,2020,CJNG,Carteles Unidos,0,Michoacan de Ocampo,Los Reyes de Salgado,19.5882,-102.4697,"On 25 May 2020, in the Municipality of Los Reyes (coded as Los Reyes de Salgado), Michoacan de Ocampo, suspected members of CJNG and CU (a partnership of several cartels, including CDG, Zetas, CDS) clashed on the Los Reyes-Tocumbo road. There were (narco) roadblocks as well, and at least two vehicles were burned. Casualties unknown."
2020-05-27,2020,Cartel del Noreste,Gulf Cartel (Golfo),1,Tamaulipas,Reynosa,26.0924,-98.2781,"On 27 May 2020, in Reynosa, Tamaulipas, members of the CDN, and the Gulf Cartel clashed. One man died. 1 fatality."
2020-06-01,2020,CJNG,Cartel del Noreste,1,Quintana Roo,Cancun,21.1614,-86.8248,"Around 1 June 2020 (as reported), in Cancun, Quintana Roo, a Venezuelan woman and alleged CDN member was killed and her body was found dismembered inside two bags. Next to the bags a threatening message was found addressed to several police commanders and signed by the CJNG. 1 fatality"
2020-06-08,2020,Cartel del Noreste,Gulf Cartel (Golfo),0,Tamaulipas,Comales,26.1805,-98.9195,"On 8 June 2020, near Comales, Tamaulipas, members of CDN, and the Gulf Cartel clashed. Several trucks were set on fire in the place of the clash. Neither fatalities nor injuries reported."
2020-06-14,2020,CJNG,Carteles Unidos,0,Michoacan de Ocampo,Tepalcatepec,19.1914,-102.8437,"On 14 June 2020, in Tepalcatepec municipality, Michoacan, members of CJNG and United Cartels clashed. Neither fatalities nor injuries reported."
2020-06-20,2020,CJNG,Santa Rosa de Lima,2,Guanajuato,Salamanca,20.5687,-101.1999,"Around 20 June 2020 (as reported), in Salamanca, Guanajuato, two men were killed and their dismembered bodies were found inside several bags in Colonia Constituyentes. The victims who were allegedly members of the CJNG were found along with a message and the alleged perpetrators were from the Santa Rosa de Lima Cartel."
2020-06-20,2020,Los Chapitos (Sinaloa),Los Mayitos,0,Sinaloa,Culiacan Rosales,24.8088,-107.394,"On 20 June 2020, in Culiacan Rosales, Sinaloa, an armed clash between Los Chapitos Gang and Los Mayito Gang was reported in Fraccionamiento Zona Dorada. It was a drive-by incident as the shots were fired from at least 4 vehicles. Some sources indicate that at least two people were injured."
2020-06-24,2020,Los Chapitos (Sinaloa),Los Mayitos,7,Sinaloa,La Mojonera,24.3375,-107.3184,"On 24 June 2020, between La Mojonera and La Vainilla, Sinaloa, members of Los Chapitos clashed with members of Los Mayitos. These groups are identified as fractions of Sinaloa Cartel who separated after internal disputes. Allegedly ten men dressed with military equipment were found dead. Between 7 and 11 people died."
2020-07-09,2020,CJNG,Carteles Unidos,0,Michoacan de Ocampo,Bonifacio Moreno,18.9881,-102.7131,"On 9 July 2020, in Bonifacio Moreno, Michoacan, armed clashes were reported between the CJNG and United Cartels (CU). Some reports say that the clash took place between members of the CJNG and Los Viagras Gang, members of the CU. Members of The Knights Templar Gang were seen travelling in armoured vans in the area. It is not known whether there were any injuries or deaths."
2020-07-11,2020,CJNG,Los Viagras,0,Michoacan de Ocampo,El Limoncito,18.5802,-102.9057,"On 11 July 2020, in El Limoncito, Michoacan de Ocampo, members of CJNG and members of Los Viagras clashed. During the clash, (narco) roadblocks were set with vehicles set on fire. No casualties occurred."
2020-07-12,2020,Cartel del Noreste,Gulf Cartel (Golfo),0,Tamaulipas,Ciudad Miguel Aleman,26.401,-99.0261,"On 12 July 2020, in Miguel Aleman municipality, Tamaulipas, members of the North-East cartel, and members of the Gulf Cartel clashed. Neither fatalities nor injured reported."
2020-07-19,2020,Cartel del Noreste,Gulf Cartel (Golfo),4,Tamaulipas,Ciudad Miguel Aleman,26.401,-99.0261,"On 19 July 2020, in Miguel Aleman municipality, Tamaulipas, members of CDN and Gulf Cartel clashed. At least 4 men died. 4 fatalities."
2020-07-21,2020,CJNG,Los Viagras,5,Michoacan de Ocampo,Bonifacio Moreno,18.9881,-102.7131,"Around 21 July 2020 (as reported), in El Aguaje, Michoacan, a video was published showing a clash allegedly between members of the CJNG and Los Viagras. Five men died and a threatening message left by the CJNG was found. 5 fatalities."
2020-07-25,2020,Cartel del Noreste,Gulf Cartel (Golfo),1,Tamaulipas,Ochoa,26.1386,-98.9366,"Around 25 July 2020 (as reported), in Ochoa, Tamaulipas, several videos were published on social networks showing a clash between members of the CDN and the Gulf Cartel. One of the videos shows the burned body of an alleged CDN member. It is not known if there were any more injuries or fatalities. 1 fatality."
2020-07-25,2020,Carteles Unidos,Grupo Elite,0,Michoacan de Ocampo,La Estanzuela,19.1627,-102.9485,"On 25 July 2020, in La Estanzuela, Michoacan, a clash between members of the Grupo Elite and members of the United Cartels was reported on social networks. The authorities have not confirmed the clash and there are no reports of injuries."
2020-07-27,2020,Cartel del Noreste,Gulf Cartel (Golfo),3,Tamaulipas,Ochoa,26.1386,-98.9366,"Around 27 July 2020 (as reported), in Ochoa, Tamaulipas, members of the Gulf Cartel clashed with members of North-East Cartel. The Gulf Cartel published a video showing how they burned the bodies of members of CDN who died in the clash. Unknown fatalities coded as 3."
2020-08-01,2020,CJNG,Carteles Unidos,11,Michoacan de Ocampo,Bonifacio Moreno,18.9881,-102.7131,"On 1 August 2020, between the municipalities of Bonifacio Moreno and Buenavista, Michoacan, the CJNG clashed with the CU on the Aptzingan-Aguililla road, between the communities of El Aguaje and El Tererrero. Roadblocks were also reported. 11 bodies were found."
2020-09-09,2020,CJNG,Los Viagras,1,Michoacan de Ocampo,Bonifacio Moreno,18.9881,-102.7131,"On 9 September 2020, in Bonifacio Moreno, Michoacan, members of Los Viagras clashed with members of CJNG. A video was published by the United Cartel showing dead bodies of alleged members of the CJNG after the clash. One female leader of the CJNG was among the fatalities. At least 1 fatality."
2020-09-15,2020,CJNG,Carteles Unidos,0,Michoacan de Ocampo,Bonifacio Moreno,18.9881,-102.7131,"On 15 September 2020, in Bonifacio Moreno, Michoacan, members of the CJNG clashed with members of the United Cartels. Before the clash, members of the CU had taken the village that was controlled by the CJNG who had to retreat following a security operation of the state forces. The CJNG came back to the community to retake control of it. Neither fatalities nor injuries reported."
2020-09-15,2020,Cartel del Noreste,Gulf Cartel (Golfo),3,Tamaulipas,Ciudad Camargo,26.3167,-98.836,"On 15 September 2020, in Camargo, Tamaulipas, members of CJNG and the Gulf Cartel clashed. Three men died. 3 fatalities."
2020-09-17,2020,CJNG,Santa Rosa de Lima,1,Guanajuato,La Luz Texas,20.4621,-100.7899,"On 17 September 2020, in La Luz Texas, Guanajuato, members of CJNG clashed with members of Santa Rosa de Lima Cartel. One man died and another three were injured. The rest of the men escaped in several vehicles when National Guard officers arrived. 1 fatality."
2020-09-22,2020,CJNG,Sinaloa Cartel,1,Zacatecas,Juan Aldama,24.293,-103.3961,"Around 22 September 2020 (as reported), in Juan Aldama municipality, Zacatecas, a man was killed and his body was found along with a threatening message that accused him of collaborating with the extortions of the CJNG. The message was signed by the Sinaloa Cartel. 1 fatality."
2020-09-23,2020,CJNG,Santa Rosa de Lima,1,Guanajuato,Celaya,20.5215,-100.814,"Around 23 September 2020 (as reported), in Celaya, Guanajuato, a man who allegedly collaborated with Santa Rosa de Lima Cartel was killed and his dismembered body was found inside a box and some plastic bags in Colonia Tres Guerras. A threatening message signed by CJNG was left next to the victim. 1 fatality."
2020-09-23,2020,CJNG,Santa Rosa de Lima,2,Guanajuato,La Luz Texas,20.4621,-100.7899,"On 23 September 2020, in La Luz Texas, Guanajuato, members of the CJNG clashed with members of Santa Rosa de Lima Cartel. Two men died. 2 fatalities."
2020-09-23,2020,Caborca,Gente Nueva,0,Sonora,Altar,30.717,-111.838,"Around 23 September 2020 (as reported), in Altar, Sonora, members of the Caborca Cartel threw a grenade against a vehicle that was driven by members of Gente Nueva Gang. Neither fatalities nor injuries reported."
2020-10-06,2020,CJNG,Santa Rosa de Lima,0,Guanajuato,Yuriria,20.2127,-101.1309,"Around 6 October 2020 (as reported), in Yuriria municipality, Guanajuato, a video was published showing a clash between members of the CJNG and Santa Rosa de Lima Cartel. A civilian was injured by a stray bullet."
2020-10-24,2020,CJNG,Sinaloa Cartel,3,Zacatecas,Villa Hermosa,22.788,-103.2257,"On 24 October 2020, in Villa Hermosa, Zacatecas, a clash between alleged members of the CJNG and the Sinaloa Cartel was reported in which three men died and three were injured."
2020-11-10,2020,Cartel del Noreste,Los Metros,0,Tamaulipas,Guardados de Abajo,26.3656,-98.9374,"On 10 November 2020, in the municipality of Camargo, Tamaulipas, members of the CDN and Los Metros gang, an armed wing of the Gulf Cartel, clashed in various points such as El Cadillo or Guardados. The clashes began after members of the Gulf Cartel (of which Los Metro gang is a part) stole the coffin of a CDN member. It is not known whether there were any injuries. [coded to Guardados de Abajo]"
2020-12-06,2020,CJNG,Los Viagras,2,Michoacan de Ocampo,Tahuejo,19.3189,-101.9592,"On 6 December 2020, in Tahuejo, Michoacan, an armed clash between the CJNG and Los Viagras Gang was reported. The clash was recorded and is circulating on social networks. Two women were killed and at least three were injured."
2020-12-16,2020,CJNG,Sinaloa Cartel,5,Zacatecas,Fresnillo,23.1749,-102.8682,"On 16 December 2020, in Fresnillo municipality, Zacatecas, there was an armed clash between members of the organized crime in San Isidro de Cabrales community. Five armed men died. According to the authorities, the event is allegedly linked to the fight between the Sinaloa Cartel (CDS) and the Jalisco New Generation Cartel (CJNG) that in three days led to 42 people killed. 5 fatalities."
2020-12-17,2020,CJNG,Sinaloa Cartel,2,Zacatecas,Villa Hidalgo,22.354,-101.7137,"Around 17 December 2020 (as reported), in Villa Hidalgo, Zacatecas, two people were killed. According to the authorities, the event is allegedly linked to the fight between the Sinaloa Cartel (CDS) and the Jalisco New Generation Cartel (CJNG) that in three days led to 42 people killed. 2 fatalities."
2020-12-17,2020,CJNG,Sinaloa Cartel,2,Zacatecas,Jerez de Garcia Salinas,22.6494,-102.9899,"On 17 December 2020, in Jerez de Garcia Salinas municipality, Zacatecas, there was an armed clash between two groups of the organized crime in El Salitrillo community. Two armed men died. According to the authorities, the event is allegedly linked to the fight between the Sinaloa Cartel (CDS) and the Jalisco New Generation Cartel (CJNG) that in three days led to 42 people killed. 2 fatalities."
2020-12-22,2020,CJNG,Sinaloa Cartel,0,Zacatecas,Jerez de Garcia Salinas,22.6494,-102.9899,"On 22 December 2020, in Jerez de Garcia Salinas, Zacatecas, there was an armed clash between alleged members of the CJNG and the Sinaloa Cartel. There were videos recorded showing people running away while there was a shooting in the background. The videos were shared on social media. Three people were injured."
2020-12-24,2020,CJNG,Los Viagras,0,Michoacan de Ocampo,Aguililla,18.7342,-102.7884,"On 24 December 2020, in Aguililla municipality, Michoacan, there was an armed clash between the Jalisco New Generation Cartel and Los Viagras in El Aguaje community. The event was recorded on video and shared on social media."
2020-12-30,2020,CJNG,Carteles Unidos,1,Michoacan de Ocampo,Tangancicuaro de Arista,19.8877,-102.2052,"On 30 December 2020, in Tangancicuaro municipality, Michoacan (coded to Tangancicuaro de Arista), there was an armed clash between armed men on the road that connects the town of Gomez Faroas to San Antonio Ocampo. When the police arrived to the area, they found a man killed with his hands and feet tied and gunshot wounds. It is presumed that the clash was between members of CJNG and CU. 1 fatali…"
2021-01-04,2021,CJNG,Santa Rosa de Lima,5,Guanajuato,Leon de los Aldama,21.122,-101.6832,"On 4 January 2021, in Leon de los Aldama, Guanajuato, five people were shot and killed by armed men inside an apartment in Colonia Villa Insurgentes. According to the authorities, this event could be related to the dispute between different organized crime groups, mainly the Jalisco New Generation Cartel and the Santa Rosa de Lima Cartel. 5 fatalities."
2021-01-06,2021,CJNG,Santa Rosa de Lima,1,Guanajuato,Celaya,20.5215,-100.814,"Around 6 January 2021 (as reported), in Celaya, Guanajuato, members of the Jalisco New Generation Cartel torture a woman who was an alleged member of the Santa Rosa de Lima Cartel. The event was recorded on video and share on social media. Her body was later found on December 6, dismembered inside a suitcase and two plastic bags in Colonia Ejidal and in Colonia Paseo de San Nicolas de Parra with…"
2021-01-07,2021,CJNG,Santa Rosa de Lima,9,Guanajuato,Celaya,20.5215,-100.814,"On 7 January 2021, in Celaya, Guanajuato, nine men were shot and killed by armed men who interrupted a funeral and shot at them in barrio de Arboledas de San Rafael. The perpetrators arrived in two cars. One man was shot and injured too. According to the authorities, this event could be related to the dispute between different organized crime groups, mainly the Jalisco New Generation Cartel and t…"
2021-01-15,2021,CJNG,Carteles Unidos,7,Michoacan de Ocampo,Santa Maria Miramar,18.7342,-103.5842,"Around 15 January 2021 (as reported), around Santa Maria Miramar, Michoacan, there was an armed clash between the United Cartels and the Jalisco New Generation Cartel between Santa Maria Miramar and Zapotan. Allegedly 7 members of the United cartels died. 7 fatalities."
2021-01-17,2021,CJNG,Carteles Unidos,13,Michoacan de Ocampo,Donaciano Ojeda,19.4916,-100.2822,"Around 17 January 2021 (between 17 - 18 January), around Donaciano Ojeda, Michoacan, there was an armed clash between members of the CJNG and the United Cartel (CU). Between thirteen to fifteen people were killed and their bodies were found with gunshot wounds along the roads in Valle verde and Donaciano Ojeda. At least 13 fatalities."
2021-01-26,2021,Cartel del Noreste,Gulf Cartel (Golfo),0,Tamaulipas,Ciudad Miguel Aleman,26.401,-99.0261,"Around 26 January 2021 (as reported), in Ciudad Miguel Aleman, Tamaulipas, there was an alleged clash between the Gulf Cartel and the Cartel del Noreste. The shooting was recorded on video and shared on social media. No fatalities reported."
2021-01-29,2021,CJNG,Carteles Unidos,1,Michoacan de Ocampo,Villa Victoria,18.7582,-103.3678,"Around 29 January 2021 (as reported), in the municipality of Chinicuila, Michoacan (coded to Villa Victoria), an armed clash between the CJNG and United Cartels was reported on the Apatzingan-Cuatro Caminos road. A CU member, formally member of The Knights Templar gang was killed. 1 fatality."
2021-02-06,2021,CJNG,Carteles Unidos,8,Michoacan de Ocampo,Aguililla,18.7342,-102.7884,"On 6 February 2021, in Aguililla municipality, Michoacan, there was an armed clash among members of the Jalisco New Generation Cartel (CJNG) and members of the United Cartels (CU) in Palo Dulce and El Aguaje communities. The clash started after members of the CJNG arrived in the municipality. The Aguililla militia and Los Viagras gang joined the CU to fight against the CJNG. Allegedly eight peopl…"
2021-02-10,2021,CJNG,Sinaloa Cartel,2,Zacatecas,Jerez de Garcia Salinas,22.6494,-102.9899,"On 10 February 2021, in the municipality of Jerez, Zacatecas (coded to Jerez de Garcia Salinas), an armed clash between the Sinaloa Cartel and the CJNG was reported between Barrio San Isidro and the rural community of Los Cardos. During the clash, two vehicles were burned and two houses were shot at. Two people died. 2 fatalities."
2021-02-13,2021,Gente Nueva,La Linea,5,Chihuahua,Jose Mariano Jimenez,27.1305,-104.923,"On 13 February 2021, in the municipality of Jimenez, Chihuahua (coded to Jose Mariano Jimenez), an armed clash between criminal groups was reported on the Coronado-Lopez Road. Five people died. At least three of the dead were beheaded and their heads were left on top of vehicles. The clash was between members of Gente Nueva Gang and La Linea gang, according to the report, the clash might be relat…"
2021-02-20,2021,CJNG,Carteles Unidos,3,Michoacan de Ocampo,Tepalcatepec,19.1914,-102.8437,"Around 20 February 2021 (between 19 - 21 February), in Tepalcatepec municipality, Michoacan, there was an armed clash between members of the Jalisco New Generation Cartel (CJNG) and the United Cartels (CU) supported by self-defense groups. The clashes were reported in La Bocanda, Voladeros and la Estanzuela communities. Part of the clashes were recorded on video and shared on social media. At lea…"
2021-02-22,2021,CJNG,Los Viagras,1,Michoacan de Ocampo,Coalcoman de Vazquez Pallares,18.7771,-103.1596,"Around 22 February 2021 (as reported), in Coalcoman de Vazquez Pallares municipality, Michoacan, a member of Los Viagras gang was killed during a clashed with the CJNG in La Bocanda community since 21 February. His body was found wrapped in a blanket on 22 February. 1 fatality."
2021-02-26,2021,Cartel del Noreste,Gulf Cartel (Golfo),0,Tamaulipas,Ciudad Miguel Aleman,26.401,-99.0261,"On 26 February 2021, in Ciudad Miguel Aleman, Tamaulipas, an armed clash between the CDN and the Gulf Cartel was reported. One truck was burned and two pickup trucks were rendered unusable. A video circulated on social networks in which alleged Gulf Cartel members check the vehicles abandoned by the CDN. No reported fatalities nor injuries."
2021-03-01,2021,CJNG,Sinaloa Cartel,2,Zacatecas,Jimenez del Teul,23.2552,-103.7978,"On 1 March 2021, around Jimenez del Teul, Zacatecas, there was an alleged armed clash between members of the Sinaloa Cartel and the Jalisco New Generation Cartel (CJNG) in El Carrizo community. Ten people were injured and two people were killed and their bodies were found in Mezquital community. Allegedly, members of Los Cabrera gang also participated in the clash against the CJNG. 2 fatalities."
2021-03-02,2021,Los Escorpiones,Los Metros,7,Tamaulipas,Reynosa,26.0924,-98.2781,"On 2 March 2021, in Reynosa, Tamaulipas, there was an armed clash between criminal groups in Ejido Corrales. Allegedly, the fight was between two rival factions of the Gulf Cartel, Los Metros and Los Escorpiones. Allegedly, between six to seven men were killed and their bodies were spread around the International Bridge Reynosa-Pharr. According to the authorities, at least six bodies were found w…"
2021-03-02,2021,Cartel del Noreste,Gulf Cartel (Golfo),0,Tamaulipas,Ciudad Miguel Aleman,26.401,-99.0261,"On 2 March 2021, in Ciudad Miguel Aleman, Tamaulipas, there was an alleged armed clash between members of the Gulf Cartel and the Cartel del Noreste (CDN). Parts of the event were recorded on video and shared on social media. No fatalities or injuries were reported."
2021-03-04,2021,CJNG,Sinaloa Cartel,9,Zacatecas,Valparaiso,22.7719,-103.5672,"On 4 March 2021, in Valparaiso municipality, Zacatecas, there was an alleged clash between members of the Jalisco New Generation Cartel (CJNG) against the Sinaloa Cartel and Los Cabrera Cartel. Allegedly nine members of Los Cabrera were killed. A video was recorded and shared on social media. 9 fatalities."
2021-03-12,2021,Cartel del Noreste,Los Metros,10,Nuevo Leon,Doctor Coss,25.9249,-99.1831,"On 12 March 2021, in Doctor Coss, Nuevo Leon, an armed clash between CDN members and Los Metros Gang of the Gulf Cartel was reported. Several 'monster' type armored vehicles were involved in the clash. Between 10 and 15 CDN members were killed."
2021-03-31,2021,CJNG,Santa Rosa de Lima,2,Guanajuato,Celaya,20.5215,-100.814,"Around 31 March 2021 (as reported), in Celaya municipality, Guanajuato, around two to five human bodies allegedly belonging to members of the CJNG were found dismembered in six locations around La Cruz community, Rincon de Tamayo and in Colonias Bugambilias, Rancho Seco and Praderas de la Hacienda and in Trebol de los Apaseos. Two messages were left signed by the Santa Rosa de Lima cartel against…"
2021-04-01,2021,CJNG,Carteles Unidos,8,Michoacan de Ocampo,Aguililla,18.7342,-102.7884,"On 1 April 2021, in Aguililla, Michoacan, there was an armed clash between members of the Jalisco New Generation Cartel (CJNG) against the United Cartels, supported by armed groups and local armed residents. Between 7-8 people were killed and beheaded and found in Colonia Las Enramadas. According to some reports, there could have been up to 27 people killed. However, only 8 were reported by the a…"
2021-04-02,2021,CJNG,Sinaloa Cartel,3,Zacatecas,Tepetongo,22.4612,-103.1479,"On 2 April 2021, in Tepetongo, Zacatecas, dozens of members of the Jalisco Cartel New Generation (CJNG) and the Sinaloa Cartel clashed. According to the report, there were deaths, although it is not known how many, as the bodies were removed by the gang members. Unknown number of fatalities coded as 3."
2021-04-06,2021,CJNG,Sinaloa Cartel,1,Jalisco,Teocaltiche,21.436,-102.5726,"On 6 April 2021, in Teocaltiche, Jalisco, allegedly, there was an armed clash between at least 30 members of the Jalisco New Generation Cartel and the Sinaloa Cartel. Part of the event was recorded on video and shared on social media. At least one person was killed. 1 fatality."
2021-04-06,2021,CJNG,Carteles Unidos,0,Michoacan de Ocampo,Uruapan,19.4209,-102.0628,"On 6 April 2021, in Uruapan, Michoacan, there was an armed clash between members of the Jalisco New Generation Cartel (CJNG) and members of the United Cartels in Colonia Arroyo Colorado. During the clash they took over a public bus and a cargo truck to set a (narco) roadblock from Uruapan to Gabriel Zamora. No casualties occurred."
2021-04-15,2021,CJNG,Carteles Unidos,0,Michoacan de Ocampo,Bonifacio Moreno,18.9881,-102.7131,"On 15 April 2021, in Bonifacio Moreno, Michoacan de Ocampo, an armed clash between the CJNG and CU was reported. The clash between the two cartels was recorded and circulated on social networks. No injuries nor fatalities reported."
2021-04-16,2021,CJNG,Santa Rosa de Lima,1,Guanajuato,Apaseo el Grande,20.5453,-100.6882,"Around 16 April 2021 (as reported), in Apaseo el Grande, Guanajuato, a woman who was an alleged member of the Santa Rosa de Lima Cartel was killed. A message signed by the Jalisco New Generation Cartel was left near her body. 1 fatality."
2021-04-24,2021,Gulf Cartel (Golfo),Los Zetas,10,Tamaulipas,Ciudad Camargo,26.3167,-98.836,"On 24 April 2021, in the municipality of Camargo, Tamaulipas (coded to Ciudad Camargo), an armed clash between alleged members of the Gulf Cartel and members of Los Zetas and the Cartel del Noreste was reported. Between 6 and 2 vehicles were burnt. 10 people died and their bodies were partially burnt. One of the victims was beheaded and his/her head was left along with a graffiti stating 'CDN'. 1…"
2021-05-01,2021,CJNG,Los Correa,7,Michoacan de Ocampo,San Antonio Villalongin,19.5346,-100.7527,"On 1 May 2021, in San Antonio Villalongin, Michoacan, there was an armed clash between the Jalisco New Generation Cartel (CJNG) and Los Correa gang after the CJNG made an incursion into Ciudad Hidalgo which is the home base of Los Correa gang members. According to local sources, seven men of Los Correa were killed. 7 fatalities."
2021-05-02,2021,CJNG,Sinaloa Cartel,3,Zacatecas,Zacatecas,22.7761,-102.5718,"Around 2 May 2021 (weekend of), in Zacatecas state, members of the Jalisco New Generation Cartel (CJNG) released a video with corpses stacked on top of one another to send a threat against the Sinaloa Cartel (CDS). The video was shared on social media but has been deleted by several platforms since its release. Unknown number of fatalities coded as 3."
2021-05-07,2021,CJNG,Sinaloa Cartel,1,Jalisco,Teocaltiche,21.436,-102.5726,"On 7 May 2021, in the municipality of Teocaltiche, Jalisco, several armed clashes between organized crime groups were reported at the border between Jalisco and Zacatecas. After the clash, 9 vehicles were found, two of them burned, and one man was found dead and handcuffed. A house was also burned. Following the armed clash, around 300 residents of El Saucito, El Rosario, Rancho Mayor and Rancho…"
2021-05-19,2021,CJNG,Santa Rosa de Lima,1,Guanajuato,Celaya,20.5215,-100.814,"Around 19 May 2021 (as reported), in the outskirts of Celaya, Guanajuato, a dismembered body was found in a plastic bag on the Panamerican highway. A narco message was left next to the body signed by M1. M1 is a signature allegedly used by hitmen of El Marro (Santa Rosa de Lima Cartel). The victim was allegedly member of the CJNG and went missing days before. 1 fatality."
2021-05-19,2021,CJNG,Carteles Unidos,0,Michoacan de Ocampo,Aguililla,18.7342,-102.7884,"On 19 May 2021, in Aguililla, Michoacan, residents reported armed clashes between the CNJG and the CU. No fatalities nor injuries occurred."
2021-05-28,2021,CJNG,Sinaloa Cartel,0,Baja California,El Porvenir (Guadalupe),32.0759,-116.6268,"On 28 May 2021, in El Porvenir (Guadalupe), Baja California, alleged CJNG members attacked the house of a member of the Sinaloa Cartel near the Agua de Vid vineyard. No victims were found after the clash, although there were traces of blood. No injuries or fatalities reported by the source."
2021-05-30,2021,CJNG,Sinaloa Cartel,1,Baja California,Ignacio Zaragoza,32.195,-116.4854,"On 30 May 2021, in Ignacio Zaragoza, Baja California, two members of the Sinaloa Cartel shot at a group of people attending a family party. An alleged CJNG member was killed and at least 5 people were injured. 1 fatality."
2021-06-03,2021,CJNG,Los Viagras,0,Michoacan de Ocampo,Division del Norte,19.0811,-102.6123,"On 3 June 2021, in Division del Norte, Michoacan de Ocampo, CJNG members dug ditches on the Aguililla-Apatzingan highway to set a (narco) roadblock. The CJNG took over the town that was under the control of Los Viagras and then set the (narco) roadblock."
2021-06-06,2021,CJNG,Los Viagras,1,Michoacan de Ocampo,Buenavista Tomatlan,19.2117,-102.588,"Around 6 June 2021 (as reported), in Buenavista Tomatlan, Michoacan, a man was killed and his body was found along with a message signed by Los Viagra gang. The victim was an alleged member of the CJNG. 1 fatality."
2021-06-06,2021,CJNG,Carteles Unidos,0,Michoacan de Ocampo,Morelia,19.7034,-101.192,"On 6 June 2021, in the state of Michoacan (coded to Morelia), an armed clash between alleged members of the CJNG and United Cartels was reported. No fatalities or injuries reported by the source."
2021-06-12,2021,CJNG,Sinaloa Cartel,13,Durango,San Francisco del Mezquital,23.4742,-104.3946,"On 12 June 2021, around San Francisco del Mezquital, Durango, there was an alleged armed clash between members of the Jalisco New Generation Cartel and the Sinaloa Cartel. Allegedly, 12 men were killed and a catholic priest was shot and killed by a stray bullet during the confrontation between Valparaiso, Zacatecas and Mezquital, Durango. 13 fatalities."
2021-06-13,2021,CJNG,Carteles Unidos,4,Michoacan de Ocampo,Tarecuato,19.8435,-102.4646,"On 13 June 2021, around Tarecuato, Michoacan, there was an armed clash between alleged members of the Jalisco New generation Cartel and the United Cartel. Four men were killed. 4 fatalities."
2021-06-24,2021,CJNG,Sinaloa Cartel,35,Zacatecas,San Juan Capistrano,22.6428,-104.1001,"Around 24 June 2021 (between 24 - 25 June), in San Juan Capistrano, Zacatecas, there was an armed clash between members of the Jalisco New Generation Cartel (CJNG) and the Sinaloa Cartel. According to the authorities between 18 to 35 men were killed. Vehicles were set on fire. Men were also found burned. 35 fatalities."
2021-06-25,2021,Gente Nueva,La Linea,3,Chihuahua,Dolores,25.9818,-107.1702,"On 25 June 2021, in Dolores, Coahuila, there was an alleged armed clash between La Linea gang and Gente Nueva Gang. An unknown number of people were killed and several were injured. The event was recorded on video and shared on social media. Unknown number of fatalities coded as 3."
2021-06-29,2021,Cartel del Noreste,Gulf Cartel (Golfo),9,Tamaulipas,Los Guerra,26.3914,-99.0793,"On 29 June 2021, in Los Guerra, Tamaulipas, there was an armed clash between members of criminal groups. There are several versions, the main version is that that the clash was between the Gulf Cartel and Cartel del Noreste. However, there is another version that suggest that the clash was between the Noreste Cartel and Los Metros Gang which had the support of the CJNG. Nine men were killed. Thei…"
2021-07-13,2021,Los Chapitos (Sinaloa),Sinaloa Cartel,1,Sinaloa,El Tepuche,24.9427,-107.3496,"On 13 July 2021, near El Tepuche, Sinaloa, there was an alleged armed clash between armed men on the way to Tecolotes. As they were fleeing, armed individuals stopped an ambulance and forced the medical personnel to treat the injured members and transfer them to hospitals. Some reports stated that the clash was between members of Los Chapitos and members of the Sinaloa Cartel. A man was killed. U…"
2021-08-17,2021,Cartel del Noreste,Gulf Cartel (Golfo),0,Tamaulipas,Ciudad Miguel Aleman,26.401,-99.0261,"On 17 August 2021, in Miguel Aleman municipality (coded to Ciudad Miguel Aleman), Tamaulipas, there was an armed clash between members of the Cartel del Noreste (CDN) and the Gulf Cartel around colonias La Rodriguez, El Mirador and fraccionamiento Linda Vista. Members of the CDN entered through the Mier-Miguel Aleman highway. Upon entering, the gunmen began firing their weapons into the air and a…"
2021-08-28,2021,CJNG,Sinaloa Cartel,4,Zacatecas,Jerez de Garcia Salinas,22.6494,-102.9899,"On 28 August 2021, close to Jerez de Garcia Salinas, Zacatecas, an armed clash between CJNG and the Sinaloa Cartel was reported in Juancho Rey area. Police officers found three trucks with gunshots and four bodies in the area. 4 fatalities."
2021-09-02,2021,CJNG,Sinaloa Cartel,3,Zacatecas,Nochistlan de Mejia,21.364,-102.8468,"On 2 September 2021, around Nochistlan de Mejia, Zacatecas, there was an armed clash between members of the Jalisco New Generation Cartel (CJNG) and the Sinaloa Cartel (CDS) between Nochistlan and Apulco municipalities. Two men and a woman were killed. 3 fatalities."
2021-09-13,2021,CJNG,Sinaloa Cartel,21,Zacatecas,Valparaiso,22.7719,-103.5672,"On 13 September 2021, in Valparaiso municipality, Zacatecas, there was an alleged clash between members of the Sinaloa Cartel and the Jalisco New Generation Cartel (CJNG) in La Florida community. According to the residents, at least 21 men were killed. However, this information was not confirmed by the authorities. At least 21 fatalities."
2021-09-20,2021,Cartel del Noreste,Los Metros,0,Tamaulipas,Ciudad Miguel Aleman,26.401,-99.0261,"On 20 September 2021, near Miguel Aleman municipality, Tamaulipas (coded to Ciudad Miguel Aleman), there was an alleged armed clash between alleged members of CDN and Los Metros Gang around La Riberena highway. Several trucks were set on fire. Casualties unknown."
2021-09-27,2021,Cartel del Noreste,Gulf Cartel (Golfo),1,Tamaulipas,Ciudad Victoria,23.7311,-99.1513,"Around 27 September 2021 (as reported), in Ciudad Victoria, Tamaulipas, the alleged leader of the Gulf Cartel was killed and only his head and one hand were left inside a cooler by alleged members of the Noreste Cartel and Los Zetas. The victim was a the leader of the operation of the Gulf Cartel in Ciudad Mante. 1 fatality."
2021-10-01,2021,CJNG,Los Viagras,2,Michoacan de Ocampo,Lombardia,19.1598,-102.054,"On 1 October 2021, in Lombardia, Michoacan, allegedly the leader of Los Viagras and his son were killed by members of the Jalisco New Generation Cartel (CJNG). 2 fatalities."
2021-10-15,2021,Cartel del Noreste,Gulf Cartel (Golfo),2,Nuevo Leon,Doctor Coss,25.9249,-99.1831,"On 15 October 2021, in Doctor Coss municipality, Nuevo Leon, there was an armed clash between the Gulf cartel and the Cartel del Noreste on the Pena Blanca-Ciudad Camargo highway. Between 2-4 people were killed and found burned. At least 2 fatalities."
2021-10-20,2021,Los Chapitos (Sinaloa),Los Rusos,1,Sinaloa,Agua Caliente de los Monzon,24.9327,-107.3849,"On 20 October 2021, in Agua Caliente de los Monzon, Sinaloa, an armed clash between factions of the Sinaloa Cartel, Los Rusos and Los Chapitos, was reported at a cartel safehouse resulting in the death of one woman. Residents reported the incident prompting the arrival of police. 1 fatality."
2021-11-20,2021,Los Ardillos,Los Tlacos,0,Guerrero,Chilpancingo de los Bravo,17.5516,-99.5011,"On 20 November 2021, in Chilpancingo de los Bravo, Guerrero, shootings were registered between armed groups. The report claims the shooting is between Los Tlacos and Los Ardillos to control areas for extortion. The violence between both groups has intensified since the new Mayor took his office on 30 September. Unknown casualties."
2021-11-21,2021,Los Ardillos,Los Tlacos,0,Guerrero,Chilpancingo de los Bravo,17.5516,-99.5011,"On 21 November 2021, in Chilpancingo de los Bravo, Guerrero, shootings were registered between armed groups. The report claims the shooting is between Los Tlacos and Los Ardillos to control areas for extortion. The violence between both groups has intensified since the new Mayor took his office on 30 September. Unknown casualties."
2021-11-26,2021,CJNG,Sinaloa Cartel,0,Zacatecas,Fresnillo,23.1749,-102.8682,"On 26 November 2021, around Fresnillo and Valparaiso, Zacatecas, there was an armed clash between members of the Jalisco New generation Cartel (CJNG) and the Sinaloa Cartel. Casualties unknown."
2021-12-06,2021,CJNG,Sinaloa Cartel,0,Jalisco,Teocaltiche,21.436,-102.5726,"On 6 December 2021, close to Teocaltiche, Jalisco, a clash between the CJNG and the Sinaloa Cartel was reported on the highway Teocalitiche-Nochistlan. Casualties unknown."
2021-12-06,2021,CJNG,Sinaloa Cartel,0,Jalisco,Huejotitlan,21.3907,-102.6369,"On 6 December 2021, around Huejotitlan, Jalisco, there was an armed clash between members of the Jalisco New Generation Cartel (CJNG) and the Sinaloa Cartel between Mazcua and Hacienda Vieja communities. Casualties unknown."
2021-12-08,2021,CJNG,Sinaloa Cartel,7,Jalisco,La Hacienda Vieja,21.3714,-102.6071,"On 8 December 2021, around La Hacienda Vieja, Jalisco, there was an armed clash between members of the Jalisco New Generation Cartel (CJNG) and the Sinaloa Cartel between Mazcua and Hacienda Vieja communities. Seven men were killed and found inside a vehicle. According to a source, three were even burned. 7 fatalities."
2021-12-11,2021,CJNG,Carteles Unidos,0,Michoacan de Ocampo,Tepalcatepec,19.1914,-102.8437,"Around 11 December 2021 (between 11 - 12 December), near Tepalcatepec, Michoacan, after the clashes between members of the Jalisco New Generation Cartel (CJNG) and the United Cartels (CU) last week (coded separately) the CJNG captured a leader of the CU with the nickname 'Ghost Rider' and set his face on fire with alcohol in a ranch. The event was recorded in video and shared on social media."
2021-12-16,2021,Gulf Cartel (Golfo),Los Zetas,7,Nuevo Leon,Doctor Coss,25.9249,-99.1831,"On 16 December 2021, close to Doctor Coss, Nuevo Leon, an armed clash was reported between Los Zetas and the Gulf Cartel on a road that leads to Comitas. At least two trucks were totally destroyed. Five bodies were found inside a burned vehicle, three of them completely burned. Two other bodies were found close to the scene. 7 fatalities."
2021-12-19,2021,CJNG,Sinaloa Cartel,0,Zacatecas,Zacatecas,22.7761,-102.5718,"On 19 December 2021, in Zacatecas, Zacatecas, members of the CJNG opened fire at a members of the Operation MZ, an elite armed group at the service of the Sinaloa Cartel. The Operation MZ set up camp and were attacked. Casualties unknown."
2022-01-08,2022,La Linea,Sinaloa Cartel,3,Chihuahua,Alisos de Arriba,26.193,-107.2605,"On 8 January 2022, near Alisos de Arriba, Chihuahua, members of the Sinaloa Cartel clashed with members of the La Linea Gang in the mountainous region of Milpillas de Abajo in Baborigame. Three men were killed. 3 fatalities."
2022-01-13,2022,CJNG,La Familia Michoacana,1,Michoacan de Ocampo,Zinapecuaro de Figueroa,19.8603,-100.8276,"On 13 January 2022, in Zinapecuaro de Figueroa, Michoacan de Ocampo, members of the Familia Michoacana engaged in a shooting with the CJNG. One member of the CJNG was burned and died. 1 fatality."
2022-01-18,2022,CJNG,Los Correa,3,Michoacan de Ocampo,Zinapecuaro de Figueroa,19.8603,-100.8276,"On 18 January 2022, close to Zinapecuaro de Figueroa, Michoacan de Ocampo, an armed clash was reported between CJNG and Los Correa Gang together with Familia Michoacana close to Ojo de Agua de Bucio. Three people were killed and five vehicles were set on fire. 3 fatalities."
2022-01-25,2022,CJNG,Los Mezcales,9,Colima,Colima,19.2429,-103.7281,"On 25 January 2022, in Colima, Colima, there was a clash between prisoners who are members of the Jalisco New Generation Cartel (CJNG) and Los Mezcales gang using knives and guns inside the Colima penitentiary. Nine members of the CJNG were killed and 7 people were injured. The reason for the riot remains unknown. 9 fatalities."
2022-02-05,2022,CJNG,Sinaloa Cartel,0,Zacatecas,Jerez de Garcia Salinas,22.6494,-102.9899,"Around 5 February 2022 (between 4 - 5 February), in Jerez de Garcia Salinas, Zacatecas, there was an armed clash between the Sinaloa Cartel and the Jalisco New Generation Cartel. Casualties unknown."
2022-02-05,2022,CJNG,Sinaloa Cartel,0,Zacatecas,Valparaiso,22.7719,-103.5672,"Around 5 February 2022 (between 4 - 5 February), in Valparaiso, Zacatecas, there was an armed clash between the Sinaloa Cartel and the Jalisco New Generation Cartel. Casualties unknown."
2022-02-05,2022,CJNG,Sinaloa Cartel,0,Zacatecas,Fresnillo,23.1749,-102.8682,"Around 5 February 2022 (between 4 - 5 February), in Fresnillo, Zacatecas, there was an armed clash between the Sinaloa Cartel and the Jalisco New Generation Cartel. Casualties unknown."
2022-02-11,2022,CJNG,Los Mezcales,2,Colima,Colima,19.2429,-103.7281,"On 11 February 2022, in Colima, Colima, an armed clash between members of the CJNG and Los Mezcales gang was reported in Colonia Fatima. Two men died and two people were injured. 2 fatalities."
2022-02-21,2022,CJNG,Sinaloa Cartel,0,Zacatecas,Zacatecas,22.7761,-102.5718,"Around 21 February 2022 (as reported), in the state of Zacatecas (coded to capital Zacatecas), members of the Sinaloa Cartel led by the Mayo Zambada captured members of the CJNG and Los Talibanes. The Sinaloa Cartel accused CJNG and Los Talibanes of their involvement in the murder of five students on 12 February and to seek justice for their deaths. The whereabouts of the members of these cartels…"
2022-02-24,2022,CJNG,Sinaloa Cartel,3,Zacatecas,Valparaiso,22.7719,-103.5672,"Around 24 February 2022 (between 24 - 25 February), in Valparaiso, Zacatecas, an unknown number of members of the Sinaloa Cartel were killed in armed clash between the Sinaloa Cartel and the Jalisco New Generation Cartel. An unknown number of victims were beheaded. A video recording the bodies was shared on social media. A video was also released showing CJNG members cutting off the head of a Sin…"
2022-02-27,2022,CJNG,Pajaros Sierra,17,Michoacan de Ocampo,San Jose de Gracia,19.9899,-103.0217,"On 27 February 2022, in San Jose de Gracia, Michoacan, several armed men driving in 20 vehicles arrived at a funeral and held the attendees. The victims were lined up and shot to death. According to the authorities, this was a clash between the Pajaros Sierra gang and the Jalisco New Generation Cartel (CJNG) that resulted in 17 people being killed. However, the perpetrators removed the bodies of…"
2022-03-10,2022,CJNG,Carteles Unidos,5,Michoacan de Ocampo,Nuevo San Juan Parangaricutiro,19.417,-102.1302,"On 10 March 2022, in Nuevo San Juan Parangaricutiro, Michoacan de Ocampo, members of the CU arrived in the city and attempted to take over the municipal palace. The attack was answered by members of the CJNG. Members of local self-defense groups also engaged in the clash to fight against the CU. Other versions claimed that it was a clash between members of the CJNG and avocado growers who were tr…"
2022-03-27,2022,CJNG,Los Correa,20,Michoacan de Ocampo,Zinapecuaro de Figueroa,19.8603,-100.8276,"On 27 March 2022, in Zinapecuaro de Figueroa, Michoacan de Ocampo, members of Los Correa Gang broke into a clandestine cockfight arena in Las Tinajas and killed 20 people. The attack was aimed at killing one of the leaders of the CJNG. Five people were arrested as suspected perpetrators. At least 5 people were injured. 20 fatalities."
2022-04-21,2022,CJNG,Sinaloa Cartel,3,Zacatecas,Zacatecas,22.7761,-102.5718,"Around 21 April 2022 (as reported), in Zacatecas state, there was an armed clash between members of the Sinaloa Cartel and the Jalisco New Generation Cartel. The event was recorded in video and shared on social media. Unknown fatalities coded as 3."
2022-04-24,2022,Gente Nueva,La Linea,11,Chihuahua,El Sauz,29.0494,-106.2546,"On 24 April 2022, in El Sauz, Chihuahua, armed individuals of La Linea gang arrived in several cars and attacked a group of people at a horse racing track near the town of Nuevo Delicias. The perpetrators were looking for a leader of the Gente Nueva gang. Both criminal groups clashed. Five people were killed immediately and six more died at the hospital, including two members of Gente Nueva gang.…"
2022-04-29,2022,CJNG,Carteles Unidos,1,Michoacan de Ocampo,El Arroyo Colorado,19.3485,-102.0556,"On 29 April 2022, in El Arroyo Colorado, Michoacan, there was an armed clash between members of the Jalisco New Generation Cartels (CJNG) and the United Cartels (CU) during the early morning. One man was killed and two men were injured. Later, vehicles were set on fire on the Uruapan-Gabriel Zamora highway. Both injured men were later arrested by the police. 1 fatality."
2022-05-01,2022,CJNG,Pajaros Sierra,3,Jalisco,La Estacada,19.9332,-103.0342,"On 1 May 2022, in La Estacada, Jalisco, there was an armed clash between members of the Jalisco New Generation Cartel (CJNG) and the Pajaros Sierra gang in Fraccionamiento Campo Verde. Three men of one of the groups were kidnapped by their rivals but they were killed and later found meters away. One of the victims had his hands tied up. The armed men also set on fire a vehicle to set a (narco) ro…"
2022-05-03,2022,CJNG,Pajaros Sierra,17,Michoacan de Ocampo,Sahuayo,20.0585,-102.7157,"Around 3 May 2022 (as reported), between the state of Michoacan and the state of Jalisco, Michoacan (coded to Sahuayo), 17 alleged members of the Pajaros Sierra Gang were killed by alleged members of the CJNG. A video was posted on social networks showing the bodies of the victims abandoned in a field. Authorities did not confirm the authenticity of the video or reported finding the bodies. 17 fa…"
2022-05-15,2022,CJNG,Sinaloa Cartel,0,Zacatecas,Zacatecas,22.7761,-102.5718,"On 15 May 2022, in Zacatecas, Zacatecas, there was an armed clash between members of the Jalisco New Generation cartel (CJNG) against members of the Sinaloa Cartel and their allies Los Cabreras gang in Colonia Alma Obrera. Casualties unknown."
2022-05-23,2022,CJNG,Santa Rosa de Lima,11,Guanajuato,Celaya,20.5215,-100.814,"On 23 May 2022, in Celaya, Guanajuato, eight women and three men were shot and killed by more than 15 alleged members of the Santa Rosa de Lima Cartel inside two bars that are located close to each other in colonia Valle Hermoso. The perpetrators left several cardboard messages signed by the Santa Rosa de Lima Cartel. At least five people were also injured. An unknown number of the victims were a…"
2022-05-24,2022,CJNG,Sinaloa Cartel,2,Zacatecas,Jerez de Garcia Salinas,22.6494,-102.9899,"Around 24 May 2022 (as reported), in Jerez municipality (coded to Jerez de Garcia Salinas), Zacatecas, two members of the Sinaloa Cartel were killed and beheaded by members of the Jalisco New Generation Cartel. A narco-message was left by the perpetrators. The event was recorded in video and shared on social media. 2 fatalities."
2022-05-29,2022,CJNG,Los Mezcales,2,Colima,Ciudad de Villa de Alvarez,19.2648,-103.7368,"On 29 May 2022, in Ciudad de Villa de Alvarez, Colima, there were reports of armed clashes between the CJNG clashed with Los Mezcales in Colonia La Resserva. Two people died as a result. There were reports of chases in several neighborhoods and vehicles were set on fire. 2 fatalities."
2022-05-29,2022,CJNG,Los Mezcales,2,Colima,Colima,19.2429,-103.7281,"On 29 May 2022, in Colima, Colima, the CJNG clashed with Los Mezcales, leading to the death of two people. There were reports of chases in several neighborhoods. 2 fatalities."
2022-06-13,2022,CJNG,Carteles Unidos,0,Michoacan de Ocampo,Nuevo San Juan Parangaricutiro,19.417,-102.1302,"On 13 June 2022, in Nuevo San Juan Parangaricutiro, Michoacan de Ocampo, there was a clash between members of the CJNG and members of United Cartels. After the clash armed individuals burned several vehicles to set (narco) roadblocks in response to an operation by the National Guard, the Mexican Army, the State Attorney General's Office, the Federal Attorney General's Office and the Michoacan Pol…"
2022-06-21,2022,Gente Nueva,La Linea,4,Chihuahua,Villa Coronado,26.7371,-105.1589,"On 21 June 2022, around Villa Coronado, Chihuahua, there was an armed clash between Gente Nueva gang and La Linea gang on the road from Villa Coronado to Valle de Allende. Four people were killed. Two of the victims were beheaded. 4 fatalities."
2022-06-25,2022,CJNG,Sinaloa Cartel,0,Zacatecas,Tenayuca,21.5041,-102.6641,"On 25 June 2022, in Tenayuca, Zacatecas, there was an armed clash between members of the CJNG and members of the Sinaloa Cartel. The armed individuals also burned two vehicles to set a (narco) roadblock on the entrance and exit of the town. There were no fatalities."
2022-06-27,2022,Los Ardillos,Los Tlacos,0,Guerrero,Chilpancingo de los Bravo,17.5516,-99.5011,"On 27 June 2022, outside of Chilpancingo de los Bravo, Guerrero, individuals shot and set fire to one bus and three cargo trucks on the highway to Tixtla. Cartridge casings were found at the site. According to the authorities, all the acts of violence are related to the dispute between Los Ardillos and Los Tlacos. There were no casualties."
2022-07-23,2022,CJNG,Sinaloa Cartel,15,Zacatecas,Pastoria,21.5036,-102.6911,"On 23 July 2022, in Pastoria, Zacatecas, there was an armed clash between the Jalisco New Generation Cartel (CJNG) and the Sinaloa Cartel. According to witnesses, an unknown number of people were injured and killed and taken by the criminals. Local sources indicated that at least 15 people were killed. Two vehicles were set on fire and a handmade armor vehicle was abandoned. At least 15 fatalitie…"
2022-08-01,2022,CJNG,Pajaros Sierra,0,Jalisco,Mazamitla,19.9172,-103.0203,"On 1 August 2022, in Mazamitla, Jalisco, there was an armed clash on a highway and videos were published showing the shooting. Certain versions indicate that the clash was between members of the CJNG and the Pajaros Sierra Gang. Casualties unknown."
2022-08-02,2022,CJNG,Pajaros Sierra,1,Michoacan de Ocampo,Jiquilpan de Juarez,19.9897,-102.7186,"On 2 August 2022, in Jiquilpan de Juarez, Michoacan, a member of Pajaros Sierra gang was shot dead by an unknown number of armed individuals in Colonia Guadalupe. It was reported on social networks that the perpetrators were wearing clothing bearing the initials CJNG. 1 fatality."
2022-08-27,2022,CJNG,Sinaloa Cartel,0,Zacatecas,Valparaiso,22.7719,-103.5672,"On 27 August 2022, between Valparaiso and Fresnillo, Zacatecas, there was an armed clash between members of the Sinaloa Cartel and the CJNG on the 44 federal road. Causalities unknown."
2022-08-27,2022,CJNG,Sinaloa Cartel,0,Zacatecas,Los Mimbres,22.8588,-103.5516,"On 27 August 2022, near Los Mimbres, Zacatecas, there was an armed clash between members of the Sinaloa Cartel and the CJNG on the Los Mimbres-Las Trojes road. Causalities unknown."
2022-09-11,2022,CJNG,Sinaloa Cartel,7,Zacatecas,Jerez de Garcia Salinas,22.6494,-102.9899,"On 11 September 2022, in the municipality of Jerez de Garcia Salinas, Zacatecas, members of the CNJG and the Sinaloa Cartel engaged in an armed clash. Seven men were killed and their bodies were found wearing tactical clothing on a road between Los Juarez and Los Motas and belonged to the CJNG. 7 fatalities."
2022-09-28,2022,Grupo Elite,Santa Rosa de Lima,1,Guanajuato,Apaseo el Alto,20.4572,-100.6216,"Around 28 September 2022 (as reported), near Apaseo el Alto, Guanajuato, a man was killed and his body was found along with a threatening message signed by Grupo Elite Gang and addressed to the Santa Rosa de Lima Cartel. The victim was presumed to be a member of the Santa Rosa de Lima Cartel. 1 fatality."
2022-10-04,2022,Los Chapitos (Sinaloa),Sinaloa Cartel,1,Sonora,San Luis Rio Colorado,32.4798,-114.7796,"Around 4 October 2022 (as reported), in San Luis Rio Colorado, Sonora, a member of the Sinaloa Cartel was killed and his body was found wrapped in blankets along with a message on the highway 3. The victim was allegedly killed by members of Los Chapitos gang. 1 fatality."
2022-10-05,2022,CJNG,Carteles Unidos,10,Michoacan de Ocampo,Buenavista Tomatlan,19.2117,-102.588,"On 5 October 2022, overnight, near Buenavista Tomatlan, Michoacan, there were several armed clashes between members of the CJNG and CU in the vicinity of Buenavista Tomatlan and Jilotlan de Dolores on the border between Michoacan and Jalisco. At least 10 people died, although some reports indicated that the final death toll was closer to 20. The cash started on the night of 5 October and lasted u…"
2022-10-09,2022,Cartel del Noreste,Gulf Cartel (Golfo),4,Tamaulipas,Los Guerra,26.3914,-99.0793,"Around 9 October 2022 (as reported), close to Los Guerra, Tamaulipas, four members of the Gulf Cartel were killed by members of the CDN and their dismembered bodies were found inside a cooler on the Riberena highway. A message was next to the cooler addressed to the Gulf Cartel. 4 fatalities."
2022-10-10,2022,CJNG,Sinaloa Cartel,0,Chiapas,Jiquipilas,16.6686,-93.6461,"Around 10 October 2022 (between 9 October - 10 October), in the municipality of Jiquipilas, Chiapas, members of the CJNG and the Sinaloa Cartel on board some 30 trucks clashed in Puente de las Flores. The Army and the National Guard were mobilized to the site on the Ocozocuautla-Arriaga highway and installed a roadblock for security. The clash extended to the vicinity of the communities of Vicent…"
2022-10-11,2022,CJNG,Carteles Unidos,0,Michoacan de Ocampo,Uruapan,19.4209,-102.0628,"On 11 October 2022, in Uruapan, Michoacan de Ocampo, an armed clash was reported between the CJNG and the United Cartels. Casualties unknown."
2022-11-08,2022,Grupo Elite,Santa Rosa de Lima,0,Guanajuato,Celaya,20.5215,-100.814,"On 8 November 2022, in Celaya, Guanajuato, an unknown number of armed men entered the Clinica San Fermin and after firing shots burned the building located on Lazaro Cardenas avenue. According to documents leaked on the internet by a group of hackers, the clinic was illegally established and was run by members of the Santa Rosa de Lima Cartel to attend injured members of this cartel. The perpetra…"
2022-11-19,2022,Cartel de Tlahuac,La Familia Michoacana,1,Mexico,San Juan Tezompa,19.207,-98.9588,"On 19 November 2022, in San Juan Tezompa, Mexico, a man was shot dead by an unknown number of armed individuals. The victim was a member of La Familia Michoacana Cartel. Three members of the Cartel de Tlahuac were arrested as suspected perpetrators. 1 fatality."
2022-11-25,2022,CJNG,Sinaloa Cartel,3,Zacatecas,Jerez de Garcia Salinas,22.6494,-102.9899,"On 25 November 2022, in Jerez de Garcia Salinas, Zacatecas, there was an armed clash between the Sinaloa Cartel and the Jalisco New Generation cartel (CJNG) since early morning. A house was set on fire. Three people were killed. 3 fatalities."
2022-12-02,2022,CJNG,Sinaloa Cartel,0,Jalisco,Totatiche,21.9278,-103.4437,"On 2 December 2022, in the municipality of Totatiche, Jalisco, at least 100 members of the CJNG and the Sinaloa Cartel engaged in an armed clash close to the bus station. This provoked armed individuals to set fire to vehicles and set (narco) roadblocks in several municipalities in an attempt to avoid police confrontation (coded separately). There were no casualties."
2022-12-03,2022,Los Chapitos (Sinaloa),Los Rusos,3,Sonora,Luis B. Sanchez,32.2002,-114.994,"On 3 December 2022, in Luis B. Sanchez, Sonora, an armed clash took place between Los Chapitos and Los Rusos gang -both gang affiliated with the Sinaloa Cartel- leading to the death of three individuals and eight injuries. Shortly after, further clashes were reported in neighboring municipalities (coded separately). 3 fatalities, 8 injuries."
2022-12-03,2022,Los Chapitos (Sinaloa),Los Rusos,6,Sonora,San Luis Rio Colorado,32.4798,-114.7796,"On 3 December 2022, in San Luis Rio Colorado, Sonora, an armed clash took place between Los Chapitos and Los Rusos gangs -both gangs affiliated with the Sinaloa Cartel- leading to the death of six people. Several others were injured. One of the victims was a little boy who was shot with a stray bullet. This clash is related to previous clashes recoded in neighboring municipalities (coded separate…"
2022-12-03,2022,Los Chapitos (Sinaloa),Los Rusos,3,Baja California,Ciudad Coahuila,32.1892,-114.9973,"On 3 December 2022, in Ciudad Coahuila, Baja California, an armed clash took place between Los Chapitos and Los Rusos gangs -both gangs affiliated to the Sinaloa Cartel- leading to the death of three individuals and four injuries. Shortly after, further clashes were reported in neighboring municipalities in Sonora state (coded separately). 3 fatalities, 4 injuries."
2022-12-04,2022,CJNG,Sinaloa Cartel,3,Zacatecas,Zacatecas,22.7761,-102.5718,"Around 4 December 2022 (as reported), in Zacatecas state, alleged members of the Jalisco New Generation Cartel (CJNG) set on fire an unknown number of bodies of members of a rival criminal group. The event was recorded in video and shared on social media. Local reports, stated that the victims were part of the Sinaloa Cartel, however, this was not confirmed. Unknown fatalities coded as 3."
2022-12-06,2022,CJNG,Los Correa,0,Michoacan de Ocampo,Manzana el Mortero de San Cristobal,19.5656,-100.3461,"On 6 December 2022, in Manzana el Mortero de San Cristobal, Michoacan, there was an armed clash between the Jalisco New Generation Cartel (CJNG) and Los Correa gang. There were no casualties."
2022-12-09,2022,CJNG,Pajaros Sierra,2,Jalisco,Mazamitla,19.9172,-103.0203,"On 9 December 2022, in Mazamitla, Jalisco, there was an armed clash between members of Pajaros Sierra Gang and the CJNG. Two people were killed and at least six people were injured. Among the injured there were people who were not involved in the clash. An unknown number of people were arrested. 2 fatalities, 6 injured."
2022-12-18,2022,Gente Nueva,La Linea,4,Chihuahua,Guachochi,26.8192,-107.0694,"On 18 December 2022, around Guachochi, Chihuahua, there was an armed clash between armed individuals on the road between Guachochi and Rocheachi around the place known as Las Virgenes. Four men were killed. A vehicle was found set on fire. According to witnesses, the armed individuals were more than 30 men from La Gente Nueva gang and La Linea gang who were fighting. 4 fatalities."
2023-02-08,2023,CJNG,Sinaloa Cartel,9,Zacatecas,Monte Escobedo,22.3028,-103.5616,"On 8 February 2023, in Monte Escobedo municipality, Zacatecas, according to residents there was an armed clash between members of the Sinaloa cartel and the Jalisco New Generation Cartel. Members of the La Masita, El Capulin de los Ruiz, Cienega de Room and Laguna Grande communities reported seeing armed men patrolling the area after the clash. The residents reported that at least nine people wer…"
2023-02-22,2023,CJNG,Los Viagras,0,Michoacan de Ocampo,Uruapan,19.4209,-102.0628,"On 22 February 2023, in Uruapan, Michoacan de Ocampo, members of Los Viagras and the CJNG engaged in an armed clash close to Tejerias. There were no casualties."
2023-02-25,2023,Cartel del Noreste,Gulf Cartel (Golfo),4,Nuevo Leon,General Bravo,25.7955,-99.1787,"On 25 February 2023, in the municipality of General Bravo, Nuevo Leon, members of the Gulf Cartel and the CDN Cartel engaged in an armed clash near the Pena Blanca community. When officers arrived at the site, a burning car was found with three burned bodies inside. A fourth burned body was found inside a taxi. 4 fatalities."
2023-02-27,2023,CJNG,Los Viagras,1,Michoacan de Ocampo,Uruapan,19.4209,-102.0628,"On 27 February 2023, in Uruapan, Michoacan de Ocampo, an armed clash was reported between the CJNG and Los Viagras close to Colonia Santa Rosa in Tejerias. One person was killed in the clash. 1 fatality."
2023-03-09,2023,Gulf Cartel (Golfo),Los Escorpiones,0,Tamaulipas,Heroica Matamoros,25.8799,-97.5048,"On 9 March 2023, in Heroica Matamoros, Tamaulipas, five members of the Gulf Cartel were abandoned alive with their hands tied up to the back by members of the Gulf Cartel. Some sources indicated they are members of Los Escorpiones gang which is a cell of the Gulf Cartel. The criminal members left a message indicating that the five men were responsible for the kidnapping of four US citizens during…"
2023-03-10,2023,CJNG,Los Viagras,3,Michoacan de Ocampo,Uruapan,19.4209,-102.0628,"On 10 March 2023, in Uruapan, Michoacan, there was an armed clash between members of the CJNG and the Los Viagras gang (who are part of the United Cartel alliance) in the east side of the city around colonias Tejerias and Planetario. Three people were killed and fifteen men were arrested. The armed individuals also forced people out of a bus and a company vehicle to set a (narco) roadblock. 3 fat…"
2023-03-10,2023,CJNG,Los Viagras,0,Michoacan de Ocampo,La Ruana,19.1623,-102.7074,"On 10 March 2023, in La Ruana, Michoacan, there was an armed clash between members of the CJNG and the Los Viagras gang (who are part of the United Cartel alliance). Casualties unknown."
2023-03-10,2023,CJNG,Los Viagras,0,Michoacan de Ocampo,El Terrero,19.0511,-102.6493,"On 10 March 2023, in El Terrero, Michoacan, there was an armed clash between members of the CJNG and the Los Viagras gang (who are part of the United Cartel alliance). The armed individuals also burned two vehicles and set a (narco) roadblock at the entrance of the town. Casualties unknown."
2023-03-10,2023,CJNG,Los Viagras,1,Michoacan de Ocampo,Punta del Agua,19.0951,-102.6672,"On 10 March 2023, in Punta del Agua, Michoacan, there was an armed clash between members of the CJNG and the Los Viagras gang (who are part of the United Cartel alliance) on the road to La Ruana. One person was killed. Other sources suggest that the incident was an attack against civilians. The armed subjects made ditches in the pavement to set a (narco) roadblock. 1 fatality."
2023-03-10,2023,CJNG,Los Viagras,0,Michoacan de Ocampo,Tepalcatepec,19.1914,-102.8437,"On 10 March 2023, in Tepalcatepec municipality, Michoacan, there was an armed clash between members of the CJNG and the Los Viagras gang (who are part of the United Cartel alliance). Casualties unknown."
2023-03-16,2023,CJNG,La Familia Michoacana,1,Michoacan de Ocampo,Heroica Zitacuaro,19.4372,-100.3575,"On 16 March 2023, in Zitacuaro municipality (coded to Heroica Zitacuaro), Michoacan, members of La Familia Michoacana clashed with rival gangsters from the CJNG Cartel. At least two individuals were killed by gunshots. One was an armed man. The other was a fuel truck driver who was nearby. Clashes had started in Susutuapo but continued in Zitacuaro, where police forces intervened to disperse the…"
2023-03-16,2023,CJNG,La Familia Michoacana,1,Michoacan de Ocampo,Susupuato,19.2146,-100.4078,"On 16 March 2023, in Susutuapo municipality, Michoacan, members of La Familia Michoacana clashed with rival gangsters from the CJNG Cartel. At least two individuals were killed by gunshots. One was an armed man. The other was a fuel truck driver who was nearby. Seven civilians, including a minor, were injured by gunshots. At least 2 fatalities and 10 injured split into two armed clashes recorded…"
2023-03-17,2023,CJNG,Sinaloa Cartel,0,Jalisco,Teocaltiche,21.436,-102.5726,"On 17 March 2023, between Nochistlan de Mejia, Zacatecas, and Teocaltiche, Jalisco (coded to Teocaltiche, Jalisco), in the early morning, members of the CJNG clashed with rival gangsters of the Sinaloa Cartel and set up (narco) roadblocks in municipalities in the border between Jalisco and Zacatecas state. Several vehicles and a booth were set on fire. A driver got injured due to the fire. 1 inju…"
2023-03-19,2023,Caborca,Los Chapitos (Sinaloa),7,Sonora,Caborca,30.7166,-112.1562,"On 19 March 2023, in Caborca, Sonora, there was an armed clash between members Los Chapitos gang and the Caborca Cartel driving several vehicles. Seven people were killed, including a passer-by. Four people were injured. Two people were later arrested. 7 fatalities."
2023-04-20,2023,Sinaloa Cartel,Tijuana,1,Ciudad de Mexico,Ciudad de Mexico - Miguel Hidalgo,19.4073,-99.1908,"On 20 April 2023, in Ciudad de Mexico - Miguel Hidalgo, a man was shot dead by an armed individual inside the Plaza Carso shopping mall located in Colonia Polanco. The victim was a member of the Arellano Felix Cartel (Tijuana Cartel) linked to the killing of one of the leaders of the Sinaloa Cartel. Some sources claimed that the perpetrators were members of the Sinaloa Cartel, though authorities…"
2023-04-22,2023,CJNG,Sinaloa Cartel,0,Jalisco,Encarnacion de Diaz,21.5244,-102.2331,"On 22 April 2023, in Encarnacion de Diaz, Jalisco, there was an armed clash between members of the CJNG and the Sinaloa Cartel in Colonia Barruo del Rosario. Drones with explosives were used by the Sinaloa Cartel during the clash. Casualties unknown."
2023-04-22,2023,CJNG,Sinaloa Cartel,0,Jalisco,Teocaltiche,21.436,-102.5726,"On 22 April 2023, in Teocaltiche, Jalisco, there was an armed clash between members of the CJNG and members of the Sinaloa Cartel. The clash was triggered after the arrival of at least 20 vehicles with several armed men in it and parked near the Teocaltiche-Jalostotitlan spot. Videos of the clash were posted on social networks. After the clash, a vehicle with handmade armor and other explosive de…"
2023-04-23,2023,CJNG,Sinaloa Cartel,0,Zacatecas,Nochistlan de Mejia,21.364,-102.8468,"On 23 April 2023, near Nochistlan de Mejia, Zacatecas, there was an armed clash between members of the CJNG and members of the Sinaloa Cartel on the road going to Huejotitlan. Casualties unknown."
2023-04-23,2023,La Familia Michoacana,Los Tlacos,1,Guerrero,Tetipac,18.6485,-99.6479,"Around 23 April 2023 (as reported), in Tetipac, Guerrero, members of the Los Tlacos gang clashed with members of La Familia Michoacana Cartel. A video was published on social networks in which members of Los Tlacos Gang beat and drag a man who they allegedly kill after the clash. Another injured man also appears in the video. At least 1 fatality and 2 injured."
2023-04-28,2023,CJNG,Gulf Cartel (Golfo),3,Tamaulipas,El Encinal,24.3968,-98.3851,"On 28 April 2023, in El Encinal, Tamaulipas, member of the CJNG and the Gulf Cartel clashed. Three people were found dead by the authorities and vehicles were seized. This clash was followed by several clashes in Tamaulipas between the CJNG and the Gulf Cartel (coded separately). 3 fatalities."
2023-04-30,2023,CJNG,Gulf Cartel (Golfo),0,Tamaulipas,Reynosa,26.0924,-98.2781,"On 30 April 2023, in Reynosa, Tamaulipas, ere was an armed clash between members of the CJNG and the Gulf Cartel with the support of Los Zetas Vieja Escuela. Unidentified people set several (narco) roadblocks on at least four roads with vehicles. Public buses and company cars were stolen and used to block the roads. This event was reported after several armed clashes with the authorities in the s…"
2023-04-30,2023,CJNG,Gulf Cartel (Golfo),0,Tamaulipas,Heroica Matamoros,25.8799,-97.5048,"On 30 April 2023, in Heroica Matamoros, Tamaulipas, there was an armed clash between members of the CJNG and the Gulf Cartel with the support of Los Zetas Vieja Escuela. Unidentified people set several (narco) roadblocks on at least four roads with vehicles. Public buses and company cars were stolen and used to block the roads. This event was reported after several armed clashes with the authorit…"
2023-05-02,2023,CJNG,Gulf Cartel (Golfo),1,Tamaulipas,San Fernando,24.8487,-98.1596,"On 2 May 2023, in San Fernando, Tamaulipas, there was an armed clash between members of the CJNG and members of the Gulf Cartel and Los Zetas Vieja Escuela. According to some reports, the CJNG acted with the support of the Los Metros gang while others suggest that they were supported by members of the Los Escorpiones gang, both known for being affiliated with the Gulf Cartel. Unidentified people…"
2023-05-02,2023,CJNG,Gulf Cartel (Golfo),2,Tamaulipas,Reynosa,26.0924,-98.2781,"On 2 May 2023, in Reynosa, Tamaulipas, there was an armed clash between members of the CJNG and members of the Gulf Cartel and Los Zetas Vieja Escuela. According to some reports, the CJNG acted with the support of the Los Metros gang while others suggest that they were supported by members of the Los Escorpiones gang, both known for being affiliated with the Gulf Cartel. Unidentified people set s…"
2023-05-02,2023,CJNG,Gulf Cartel (Golfo),0,Tamaulipas,Mendez,25.1177,-98.5847,"On 2 May 2023, in Mendez, Tamaulipas, there was an armed clash between members of the CJNG and members of the Gulf Cartel and Los Zetas Vieja Escuela. According to some reports, the CJNG acted with the support of the Los Metros gang while others suggest that they were supported by members of the Los Escorpiones gang, both known for being affiliated with the Gulf Cartel. Six vehicles were on fire…"
2023-05-02,2023,CJNG,Gulf Cartel (Golfo),2,Tamaulipas,Heroica Matamoros,25.8799,-97.5048,"On 2 May 2023, in Heroica Matamoros, Tamaulipas, there was an armed clash between members of the CJNG and members of the Gulf Cartel and Los Zetas Vieja Escuela. According to some reports, the CJNG acted with the support of the Los Metros gang while others suggest that they were supported by members of the Los Escorpiones gang, both known for being affiliated with the Gulf Cartel. Unidentified pe…"
2023-05-18,2023,Cartel del Noreste,La Familia Michoacana,0,Morelos,Puente de Ixtla,18.6169,-99.3237,"On 18 May 2023, in Puente de Ixtla, Morelos, three CDN members shot at a house where there were members of the Familia Michoacana Cartel in Colonia Cuauhtemoc. Following the clash, nine members of La Familia Michoacana Cartel and three members of the CDN were arrested (no clashes between the gangsters and the officers were reported). Casualties unknown."
2023-05-20,2023,Sinaloa Cartel,Tijuana,11,Baja California,San Vicente,31.3253,-116.2471,"On 20 May 2023, in San Vicente, Baja California, participants of a car rally were shot at by members of the Sinaloa Cartel and fired back, leading to a clash in which 11 people were killed and 9 people were injured. The attack was aimed at a member of the Arellano Felix Cartel (Tijuana Cartel) who died. One of the killed victims was the delegate of San Antonio de las Minas. 11 fatalities, 9 injur…"
2023-05-25,2023,CJNG,Sinaloa Cartel,0,Chiapas,Nueva Independencia,15.7827,-92.2084,"On 25 May 2023, in Nueva Independencia, Chiapas, clashes were reported in the town of Nueva Independencia between the CJNG and the Sinaloa Cartel. (Narco) roadblocks were set up and there were reports of armed men firing shots into the air on a road. Some sources indicate that six people were kidnapped by one of the cartels (it is not specified which one) and were forced to participate in the cla…"
2023-07-02,2023,Cartel del Noreste,Sinaloa Cartel,1,Zacatecas,Zacatecas,22.7761,-102.5718,"Around 2 July 2023 (as reported), in Zacatecas, Zacatecas, a member of the Sinaloa Cartel was killed and his body was found dismembered with a message signed by the Cartel del Noreste with threats against the Sinaloa Cartel. The event was recorded in video and shared on social media. 1 fatality."
2023-07-04,2023,CJNG,Sinaloa Cartel,2,Baja California,Tecate,32.5727,-116.6266,"On 4 July 2023, in Tecate, Baja California, two mechanic workers were shot and killed by four armed men at the workshop facilities in Colonia Jardines del Rio. The perpetrators left a messages signed by the Jalisco New Generation Cartel. According to local sources, one of the victims was a member of the Sinaloa Cartel. 2 fatalities."
2023-07-16,2023,CJNG,Cartel del Noreste,2,Colima,Colima,19.2429,-103.7281,"On 16 July 2023, in Colima, Colima, two members of the Cartel del Noreste were shot and killed by members of the Jalisco New Generation Cartel outside a courthouse. 2 fatalities."
2023-07-20,2023,CJNG,Sinaloa Cartel,0,Zacatecas,Pastoria,21.5036,-102.6911,"On 20 July 2023, in Pastoria, Zacatecas, members of the CJNG and the Sinaloa Cartel engaged in an armed clash. Police officers arrived at the scene and opened fire. The officers later engaged in more clashes with the CJNG (coded separately). There were no casualties."
2023-07-22,2023,CJNG,Sinaloa Cartel,0,Zacatecas,Los Aparicio,22.4715,-103.0054,"On 22 July 2023, near Los Aparicio, Zacatecas, members of The Sinaloa Cartel and Jalisco New Generation Cartel clashed near the small community, located at the rural borders of the Jerez, Tepetongo, and Villanueva municipalities. Casualties unknown."
2023-07-24,2023,Comandante X,Los Correa,0,Michoacan de Ocampo,Huajumbaro,19.6821,-100.7394,"On 24 July 2023, close to Huajumbaro, Michoacan de Ocampo, members of Los Correa and Comandante X gangs traveling in large convoys of vehicles with armed people clashed on the Querendaro-Ciudad Hidalgo highway. The event took place in five different locations in two municipalities (coded separately). There were no reports of casualties."
2023-07-24,2023,Comandante X,Los Correa,0,Michoacan de Ocampo,Zinapecuaro de Figueroa,19.8603,-100.8276,"On 24 July 2023, in the municipality of Zinapecuaro, Michoacan de Ocampo (coded to capital Zinapecuaro de Figueroa), members of Los Correa and Comandante X gangs traveling in large convoys of vehicles with armed people clashed on the Querendaro-Ciudad Hidalgo highway at the height of the community La Purisima. Armed individuals also set fire to a vehicle to set a (narco) roadblock. Also in Zinape…"
2023-07-24,2023,Comandante X,Los Correa,0,Michoacan de Ocampo,Ojo de Agua del Cuervo,19.7459,-100.7211,"On 24 July 2023, in Ojo de Agua del Cuervo, Michoacan de Ocampo, members of Los Correa and Comandante X gangs traveling in large convoys of vehicles with armed people clashed. Armed individuals also set fire to a vehicle to set a (narco) roadblock. The event took place in five different locations in two municipalities (coded separately). There were no reports of casualties."
2023-07-27,2023,Los Escorpiones,Los Metros,0,Tamaulipas,Ciudad Rio Bravo,25.981,-98.0901,"On 27 July 2023, in Ciudad Rio Bravo, Tamaulipas, there was an armed clash between armed individuals members of Los Escorpiones Gang and Los Metros gang in colonia Campestre. The armed individuals also burned a vehicles and set a (narco) roadblock. There were no casualties."
2023-08-09,2023,La Linea,Sinaloa Cartel,4,Chihuahua,Ciudad Juarez,31.7465,-106.485,"On 9 August 2023, in Ciudad Juarez, Chihuahua, there was an armed clash between members of La Linea Gang and the Sinaloa Cartel on Libramiento Oriente, a new highway south of Ciudad Juarez. Four people were killed. 4 fatalities."
2023-08-10,2023,Cartel del Noreste,Gulf Cartel (Golfo),0,Tamaulipas,Los Guerra,26.3914,-99.0793,"On 10 August 2023, in Los Guerra, Tamaulipas, members of the CDN and the Gulf Cartel clashed. They fired at the 'junkyard', where the fire department and the State Guard were attacked with bullets to prevent them from controlling the fire, which in the end consumed all the cars. The municipal authorities did not report any injuries or deaths."
2023-08-11,2023,CJNG,Sinaloa Cartel,0,Chiapas,Mazapa de Madero,15.3878,-92.1875,"On 11 August 2023, between Mazapa de Madero and Motozintla (coded to Mazapa de Madero, Chiapas), the CJNG and the Sinaloa Cartel clashed in Concepcion neighborhood. According to witnesses, there was an intense shooting and at least 5 vehicles were incinerated. Both groups used public transportation vehicles to set (narco) roadblocks and later burned them. Casualties unknown."
2023-08-27,2023,CJNG,Los Viagras,0,Michoacan de Ocampo,Uruapan,19.4209,-102.0628,"On 27 August 2023, in Uruapan, Michoacan, there was an armed clash between Los Viagras and CJNG. During the clash, armed men burned private property and set multiple (narco) roadblocks in Colonia La Magdalena. Six people were captured. There were no fatalities."
2023-08-27,2023,CJNG,Los Viagras,0,Michoacan de Ocampo,Apatzingan de la Constitucion,19.0872,-102.3553,"On 27 August 2023, in Apatzingan de la Constitucion, Michoacan, there was an armed clash between Los Viagras and CJNG. During the clash, the armed men burned private property and set multiple (narco) roadblocks at the exit towards Buenavista Tomatlan, and in Apatzingan-Aguililla highway. Two supermarkets were burned, Molotov bombs were used, a bus carrying people from the federal prison Tazumbos…"
2023-08-27,2023,CJNG,Sinaloa Cartel,0,Zacatecas,La Victoria,22.2575,-101.63,"On 27 August 2023, in La Victoria, Zacatecas, members of the CJNG clashed with Sinaloa Cartel. There was no information about fatalities and injured. Casualties unknown."
2023-08-27,2023,CJNG,Los Viagras,0,Michoacan de Ocampo,Buenavista Tomatlan,19.2117,-102.588,"On 27 August 2023, in Buenavista Tomatlan municipality, Michoacan, there was an armed clash between Los Viagras and CJNG. During the clash, armed men burned private property and set multiple (narco) roadblocks in the highway Apatzingan-Buenavista, Pinzandaro-Buenavista and Apatzingan-Aguililla. There were no fatalities"
2023-08-27,2023,CJNG,Los Viagras,0,Michoacan de Ocampo,Arteaga,18.3557,-102.2901,"On 27 August 2023, in Arteaga municipality, Michoacan, there was an armed clash between Los Viagras and CJNG. People from Puerto San Simon community were forced to leave the area due to the shootings and threats. There were no fatalities."
2023-08-27,2023,La Linea,Sinaloa Cartel,10,Durango,El Durazno,25.4705,-106.9277,"On 27 August 2023, in El Durazno, Durango, there was an armed clash after members of La Linea Gang attacked a leader of the Sinaloa cartel and his family. According to local sources, around 10 people were killed, however, this was not confirmed by the authorities. At least 10 fatalities."
2023-09-26,2023,Cartel del Noreste,Sinaloa Cartel,1,Nuevo Leon,Garcia,25.8005,-100.5855,"Around 26 September 2023 (as reported), in Garcia, Nuevo Leon, a man was killed and his body was found mutilated, inside a bag with a message. Members of the Cartel del Noreste took responsibility for the killing. The victim was a member of the Sinaloa Cartel. This event is related to similar attacks were more than 12 people were killed in at least six different municipalities and left dismembere…"
2023-09-26,2023,Cartel del Noreste,Sinaloa Cartel,1,Nuevo Leon,Benito Juarez,25.6513,-100.106,"Around 26 September 2023 (as reported), in Benito Juarez, Nuevo Leon, a person was killed and the body was found dismembered inside plastic bags and a cooler with a message in colonia Valle de Santa Isabel. Members of the Cartel del Noreste took responsibility for the killing. The victim was a member of the Sinaloa Cartel. This event is related to similar attacks were more than 12 people were kil…"
2023-09-26,2023,Cartel del Noreste,Sinaloa Cartel,5,Nuevo Leon,Ciudad Apodaca,25.7813,-100.1892,"Around 26 September 2023 (as reported), in Ciudad Apodaca, Nuevo Leon, five people were killed and their bodies were inside plastic bags with a message near the airport. Members of the Cartel del Noreste took responsibility for the killings. The victims were members of the Sinaloa Cartel. This event is related to similar attacks were more than 12 people were killed in at least six different munic…"
2023-09-26,2023,Cartel del Noreste,Sinaloa Cartel,3,Nuevo Leon,San Nicolas de los Garza,25.7553,-100.2896,"Around 26 September 2023 (as reported), in San Nicolas de los Garza, Nuevo Leon, two people were killed and their bodies were found inside bags on avenida Juan de Dios Peza in Colonia Anahuac. In another event, a person was killed and the body was found inside a bag on avenida Nogalar. Members of the Cartel del Noreste took responsibility for the killings. The victims were members of the Sinaloa…"
2023-09-26,2023,Cartel del Noreste,Sinaloa Cartel,2,Nuevo Leon,Ciudad Santa Catarina,25.6744,-100.4617,"Around 26 September 2023 (as reported), in Ciudad Santa Catarina, Nuevo Leon, at least two bodies were found mutilated inside coolers on the Monterrey-Saltillo highway. Members of the Cartel del Noreste took responsibility for the killings. The victims were members of the Sinaloa Cartel. This event is related to similar attacks were more than 12 people were killed in at least six different munici…"
2023-09-26,2023,Cartel del Noreste,Sinaloa Cartel,1,Nuevo Leon,Monterrey,25.6647,-100.311,"Around 26 September 2023 (as reported), in Monterrey, Nuevo Leon, a man was killed and the body was found in colonia Hogares Ferrocarrileros. Members of the Cartel del Noreste took responsibility for the killing. This event is related to similar attacks were more than 12 people were killed in at least six different municipalities and left dismembered with threatening messages inside coolers and p…"
2023-10-05,2023,CJNG,Carteles Unidos,0,Michoacan de Ocampo,Coalcoman de Vazquez Pallares,18.7771,-103.1596,"On 5 October 2023, in Coalcoman de Vazquez Pallares municipality, Michoacan de Ocampo, the CJNG clashed with members of the CU and launched rockets targeting CU's vehicles. Videos on the internet show two vehicles destroyed. Casualties unknown."
2023-11-21,2023,La Linea,Sinaloa Cartel,1,Chihuahua,San Francisco del Oro,26.8646,-105.8477,"On 21 November 2023, in San Francisco del Oro, Chihuahua, there was an armed clash between La Linea gang and the Sinaloa Cartel. One person was killed and another two were injured. 1 fatality."
2023-11-22,2023,La Familia Michoacana,Los Tlacos,3,Guerrero,Carrizalillo,17.8507,-99.7126,"On 22 November 2023, in Carrizalillo, Guerrero, members of La Familia Michoacan Cartel engaged in an armed clash with another armed group, claimed to be Los Tlacos at the mine Los Filos, one of the main gold extraction sites in the state under the control of Los Tlacos gang. The clash led to the death of three individuals. Military intervened and managed to stop the confrontation. 3 fatalities."
2023-12-02,2023,Los Escorpiones,Los Zetas Vieja Escuela,3,Tamaulipas,Soto la Marina,23.7707,-98.2058,"On 2 December 2023, in Soto la Marina, Tamaulipas, there was an armed clash between members of Los Zetas vieja Escuela and Los Escorpions gangs when they tried to entered the city. Several vehicles were destroyed. An unknown number of gang members were reported killed. Unspecified number of fatalities coded as 3."
2023-12-08,2023,CJNG,Sinaloa Cartel,4,Baja California,Tecate,32.5727,-116.6266,"Around 8 December 2023 (as reported), in Tecate, Baja California, members of the Sinaloa Cartel killed four members of the Jalisco New Generation Cartel (CJNG), who were previously kidnapped, interrogated and recorded on video. The municipal police of Tecate found a truck in which the four bodies stacked, with a message signed by the Sinaloa Cartel. 4 fatalities."
2023-12-12,2023,Gulf Cartel (Golfo),Sinaloa Cartel,6,Tamaulipas,San Fernando,24.8487,-98.1596,"Around 12 December 2023 (as reported), in San Fernando, Tamaulipas, at least six people were killed and their bodies were found wrapped in bags with a message signed by the Gulf Cartel addressed to the CJNG and MZ (cell associated with the Sinaloa Cartel, identified as 'Operativa MZ'). The attack and deaths were not confirmed by officials who said they had not located the bodies, but pictures wer…"
2023-12-12,2023,CJNG,Sinaloa Cartel,6,Zacatecas,Villanueva,22.357,-102.8833,"On 12 December 2023, in the municipality of Villanueva, Zacatecas, members of the CJNG and the Sinaloa Cartel engaged in armed clashes in several communities. The most important clash took place in Colonia del Carmen. According to police forces, gangs are fighting over the area in order to set up illegal camps and use the roads for drug trafficking. Six people were killed and two people were inju…"
2023-12-21,2023,Cartel del Noreste,Gulf Cartel (Golfo),2,Tamaulipas,Ciudad Victoria,23.7311,-99.1513,"On 21 December 2023, in Ciudad Victoria, Tamaulipas, members of the CDN entered a security house and killed two members of the Gulf Cartel. 2 fatalities."
2023-12-27,2023,CJNG,Carteles Unidos,0,Michoacan de Ocampo,Tepalcatepec,19.1914,-102.8437,"On 27 December 2023, in Tepalcatepec, Michoacan de Ocampo, the CJNG and the CU engaged in an armed clash. Casualties unknown."
2023-12-27,2023,CJNG,Carteles Unidos,0,Michoacan de Ocampo,La Ruana,19.1623,-102.7074,"On 27 December 2023, in La Ruana, Michoacan de Ocampo, the CJNG and the CU engaged in an armed clash. Casualties unknown."
2023-12-27,2023,CJNG,Carteles Unidos,0,Michoacan de Ocampo,Buenavista Tomatlan,19.2117,-102.588,"On 27 December 2023, in Buenavista Tomatlan, Michoacan de Ocampo, the CJNG and the CU engaged in an armed clash. Casualties unknown."
2024-01-01,2024,CJNG,Sinaloa Cartel,0,Chiapas,Bellavista,15.5837,-92.2517,"On 1 January 2024, close to Bellavista, Chiapas, members of the CJNG and the Sinaloa Cartel engaged in an armed clash. Casualties unknown."
2024-01-02,2024,CJNG,Sinaloa Cartel,0,Chiapas,Sabinalito,15.7019,-91.9868,"On 2 January 2024, close to Sabinalito, Chiapas, members of the CJNG and the Sinaloa Cartel engaged in an armed clash in El Jocote. Casualties unknown."
2024-01-03,2024,CJNG,Sinaloa Cartel,0,Chiapas,Sonora,15.5438,-92.1459,"On 3 January 2024, in Sonora, Chiapas, members of the CJNG and the Sinaloa Cartel engaged in an armed clash. Casualties unknown."
2024-01-03,2024,CJNG,Sinaloa Cartel,0,Chiapas,Amatenango de la Frontera,15.4347,-92.1156,"On 3 January 2024, in Amatenango de la Frontera, Chiapas, members of the CJNG and the Sinaloa Cartel engaged in an armed clash. Casualties unknown."
2024-01-03,2024,CJNG,Sinaloa Cartel,0,Chiapas,San Gregorio Chamic,15.8474,-91.9671,"On 3 January 2024, in San Gregorio Chamic, Chiapas, members of the CJNG and the Sinaloa Cartel engaged in an armed clash. Residents reported (narco) roadblock in the area. Casualties unknown."
2024-01-04,2024,La Familia Michoacana,Los Tlacos,10,Guerrero,Buenavista,17.9928,-100.1603,"On 4 January 2024, in Buenavista (known as Cashacuauilt), Guerrero, members of La Familia Michoacana engaged in an armed clash with members of Los Tlacos gang. During the clash, the gangs deployed drones charged with explosives. According to the authorities, at least ten bodies were found burned inside a vehicle, though other social organizations reported the killing of around 30 civilians. 14 pe…"
2024-01-04,2024,CJNG,Sinaloa Cartel,20,Chiapas,Nueva Morelia,15.7625,-92.4501,"On 4 January 2024, in Nueva Morelia, Chiapas, members of the CJNG and the Sinaloa Cartel engaged in an armed clash for more than seven hours. There were at least 20 fatalities."
2024-01-04,2024,CJNG,Sinaloa Cartel,0,Chiapas,Sonora,15.5438,-92.1459,"On 4 January 2024, in Sonora, Chiapas, for the second consecutive day, members of the CJNG and the Sinaloa Cartel engaged in an armed clash. Casualties unknown."
2024-01-04,2024,CJNG,Sinaloa Cartel,0,Chiapas,Amatenango de la Frontera,15.4347,-92.1156,"On 4 January 2024, in Amatenango de la Frontera, Chiapas, for the second consecutive day, members of the CJNG and the Sinaloa Cartel engaged in an armed clash. Casualties unknown."
2024-01-07,2024,CJNG,Los Correa,1,Michoacan de Ocampo,Bocaneo,19.8361,-100.8171,"On 7 January 2024, in Bocaneo, Michoacan de Ocampo, members of Los Correa gang and CJNG engaged in an armed clash using cloned vehicles from the National Guard and the State Prosecutor's Office vans. Two armed individuals were injured and one was killed. 1 fatality, 2 injuries."
2024-01-13,2024,CJNG,Huachicoleros,0,Puebla,Santa Maria Xonacatepec,19.0873,-98.1036,"Around 13 January 2024 (weekend of), in Santa Maria Xonacatepec, Puebla, a leader of the huachicoleo (fuel thieves) was kidnapped by members of the Jalisco New Generation Cartel and their operational group Operativa Barredora. The victim's whereabouts are unknown. According to local sources, he was taken to Jalisco state. The perpetrators recorded a video where they accuse the leader of being lin…"
2024-01-15,2024,Cartel del Noreste,Gulf Cartel (Golfo),3,Nuevo Leon,Doctor Coss,25.9249,-99.1831,"On 15 January 2024, in Doctor Coss, Nuevo Leon, there was an armed clash between the Gulf Cartel and the Noreste Cartel. Several armed men were killed. Unspecified number of fatalities coded as 3."
2024-01-19,2024,Los Ardillos,Los Tlacos,3,Guerrero,Chilpancingo de los Bravo,17.5516,-99.5011,"On 19 January 2024, in Chilpancingo de los Bravo, Guerrero, there was an armed clash between Los Tlacos Gang and Los Ardillos Gang inside a bar. One officer from the General Attorney Office died as a result, as well as two other people one of which is a suspected members of Los Tlacos. Five people were injured. 3 fatalities, 5 injured."
2024-02-01,2024,Sinaloa Cartel,Tijuana,2,Baja California,Tecate,32.5727,-116.6266,"On 1 February 2024, in Tecate, Baja California, two members of the Sinaloa Cartel were killed by members of the Tijuana Cartel in Colonia La Coyotera after an armed clash. 2 fatalities."
2024-02-20,2024,La Familia Michoacana,Los Tlacos,12,Guerrero,Piedra Concha,17.8503,-100.2305,"On 20 February 2024, in Piedra Concha, Guerrero, members of Los Tlacos Gang and La Familia Michoacana Cartel clashed. According to local organizations and reports, seventeen people were killed, where sixteen were members of La Familia Michoacana and one from Los Tlacos. According to the authorities, twelve people were killed. A video with a pile of bodies was recorded and later shared on social m…"
2024-03-19,2024,Los Chapitos (Sinaloa),Los Rusos,7,Sonora,Golfo de Santa Clara,31.6877,-114.4942,"On 19 March 2024, in Golfo de Santa Clara, Sonora, los Rusos gang opened fire at armed individuals leading to the death of seven armed individuals, including a lieutenant of Los Chapitos Gang. 15 vehicles were stolen from tourists. 7 fatalities."
2024-03-25,2024,Chiapas and Guatemala,Sinaloa Cartel,30,Chiapas,Berriozabal,16.7965,-93.2731,"On 25 March 2024, near Berriozabal, Chiapas, members of the Chiapas and Guatemala Cartel clashed with the Sinaloa Cartel on the Tuxtla Gutierrez-Ocozocoautla highway at the crossroads to Llano San Juan. Several vehicles were damaged. Some cargo trucks were placed on the highway to set a (narco) roadblock and several vehicles were set on fire. Some of the abandoned and burned vehicles bore the acr…"
2024-03-31,2024,CJNG,Sinaloa Cartel,5,Chiapas,Nuevo Paraiso,15.8673,-92.9481,"On 31 March 2024, in Nuevo Paraiso, Chiapas, members of unidentified armed groups engaged in an armed clash and set fire to trucks and houses in a ranch belonging to a local leader suspected to be a member of the CJNG. Five bodies were found inside a house, as well as six motorcycles and fifteen vehicles burned. The number of victims remains unclear, as some sources mentioned more than 25 fatalit…"
2024-04-09,2024,Los Escorpiones,Los Metros,2,Tamaulipas,Ciudad Rio Bravo,25.981,-98.0901,"On 9 April 2024, near Ciudad Rio Bravo, Tamaulipas, members of the Los Escorpiones and the Los Metros gangs engaged in an armed clash leading to the death of the commander of the Escorpiones gang together with his bodyguard. 2 fatalities."
2024-04-30,2024,Caballeros Templarios,Los Viagras,0,Michoacan de Ocampo,Los Charcos,19.0217,-102.5084,"On 30 April 2024, in Los Charcos, Michoacan de Ocampo, members of Los Viagras Gang clashed with members of Los Caballeros Templarios Gang. This is part of the clashes that were recorded in several points of Buenavista and Apatzingan municipalities on the same day (coded separately). This two gangs compete for territorial control in the region. Casualties unknown."
2024-04-30,2024,Caballeros Templarios,Los Viagras,0,Michoacan de Ocampo,Las Bateas,18.9906,-102.4858,"On 30 April 2024, in Las Bateas, Michoacan de Ocampo, members of Los Viagras Gang clashed with members of Los Caballeros Templarios Gang. This is part of the clashes that were recorded in several points of Buenavista and Apatzingan municipalities on the same day (coded separately). This two gangs compete for territorial control in the region. Casualties unknown."
2024-04-30,2024,Caballeros Templarios,Los Viagras,0,Michoacan de Ocampo,Vicente Guerrero,19.0742,-102.5421,"On 30 April 2024, in Vicente Guerrero, Michoacan de Ocampo, members of Los Viagras Gang clashed with members of Los Caballeros Templarios Gang. This is part of the clashes that were recorded in several points of Buenavista and Apatzingan municipalities on the same day (coded separately). This two gangs compete for territorial control in the region. Casualties unknown."
2024-04-30,2024,Caballeros Templarios,Los Viagras,0,Michoacan de Ocampo,El Razo del Organo,19.0414,-102.5131,"On 30 April 2024, in El Razo del Organo, Michoacan de Ocampo, members of Los Viagras Gang clashed with members of Los Caballeros Templarios Gang. This is part of the clashes that were recorded in several points of Buenavista and Apatzingan municipalities on the same day (coded separately). This two gangs compete for territorial control in the region. Casualties unknown."
2024-05-10,2024,CJNG,Sinaloa Cartel,0,Chiapas,Frontera Comalapa,15.6602,-92.1411,"On 10 May 2024, in the municipality of Frontera Comalapa, Chiapas, for the second consecutive day, there were armed clashes between the Sinaloa Cartel and CJNG in several communities. Armored vehicles (monster vehicles) were used, and the Sinaloa Cartel destroyed at least three. The CJNG and the Sinaloa Cartel also clashed in Chicomuselo (coded separately). It is also suspected that members of on…"
2024-05-10,2024,CJNG,Sinaloa Cartel,0,Chiapas,Chicomuselo,15.7449,-92.2833,"On 10 May 2024, in the municipality of Chicomuselo, Chiapas, for the second consecutive day, there were armed clashes between the Sinaloa Cartel and CJNG in several communities. Armored vehicles (monster vehicles) were used, and the Sinaloa Cartel destroyed at least three. The CJNG and the Sinaloa Cartel also clashed in Frontera Comalapa (coded separately). It is also suspected that members of on…"
2024-05-11,2024,CJNG,Sinaloa Cartel,0,Chiapas,Frontera Comalapa,15.6602,-92.1411,"On 11 May 2024, in the municipality of Frontera Comalapa, Chiapas, for the second consecutive day, there were armed clashes between the Sinaloa Cartel and CJNG in several communities. Armored vehicles (monster vehicles) were used, and the Sinaloa Cartel destroyed at least three. The CJNG and the Sinaloa Cartel also clashed in Chicomuselo (coded separately). It is also suspected that members of on…"
2024-05-11,2024,CJNG,Sinaloa Cartel,0,Chiapas,Chicomuselo,15.7449,-92.2833,"On 11 May 2024, in the municipality of Chicomuselo, Chiapas, for the second consecutive day, there were armed clashes between the Sinaloa Cartel and CJNG in several communities. Armored vehicles (monster vehicles) were used, and the Sinaloa Cartel destroyed at least three. The CJNG and the Sinaloa Cartel also clashed in Frontera Comalapa (coded separately). It is also suspected that members of on…"
2024-05-11,2024,CJNG,Los Viagras,16,Guerrero,Zirandaro de los Chavez,18.4791,-100.9759,"On 11 May 2024, in Zirandaro de los Chavez, Guerrero, members of the CJNG shot and killed the leader of the Los Viagras and 15 other members of the group. 16 fatalities."
2024-05-12,2024,CJNG,Sinaloa Cartel,0,Chiapas,Frontera Comalapa,15.6602,-92.1411,"On 12 May 2024, in the municipality of Frontera Comalapa, Chiapas, for the second consecutive day, there were armed clashes between the Sinaloa Cartel and CJNG in several communities. Armored vehicles (monster vehicles) were used, and the Sinaloa Cartel destroyed at least three. The CJNG and the Sinaloa Cartel also clashed in Chicomuselo (coded separately). It is also suspected that members of on…"
2024-05-12,2024,CJNG,Sinaloa Cartel,0,Chiapas,Chicomuselo,15.7449,-92.2833,"On 12 May 2024, in the municipality of Chicomuselo, Chiapas, for the second consecutive day, there were armed clashes between the Sinaloa Cartel and CJNG in several communities. Armored vehicles (monster vehicles) were used, and the Sinaloa Cartel destroyed at least three. The CJNG and the Sinaloa Cartel also clashed in Frontera Comalapa (coded separately). It is also suspected that members of on…"
2024-05-13,2024,CJNG,Sinaloa Cartel,11,Chiapas,Nueva Morelia,15.7625,-92.4501,"On 13 May 2024, in Nueva Morelia, Chiapas, members of the Sinaloa Cartel and the CJNG clashed, and 11 people died as a result. Among the victims were children, students, two servants of the Catholic Church, and other civilians unaffiliated and unrelated to the armed groups. Another version indicates that members of a criminal group entered houses in the community and killed eleven people, includi…"
2024-06-10,2024,CJNG,Sinaloa Cartel,0,Jalisco,Encarnacion de Diaz,21.5244,-102.2331,"On 10 June 2024, in Encarnacion de Diaz, Jalisco, there was an armed clash between members of the Sinaloa Cartel and the Jalisco New Generation Cartel in the city center. Casualties unknown."
2024-06-10,2024,Sinaloa Cartel,Tijuana,1,Baja California,Tijuana,32.5325,-117.019,"On 10 June 2024, in Tijuana, Baja California, members of the Tijuana Cartel (Cartel Arellano Felix) and Sinaloa Cartel clashed in colonia Las Torres. A former leader of hitmen of the Arellano Felix Cartel was shot and killed. 1 fatality."
2024-06-26,2024,Chiapas and Guatemala,Sinaloa Cartel,20,Chiapas,La Concordia,16.1167,-92.6879,"On 26 June 2024, in the municipality of La Concordia, Chiapas, 20 men were killed and their bodies were found between San Nicolas and Reforma. The men were wearing tactical gear and were piled on top of each other. The victims are believed to be members of the CCYG: Chiapas and Guatemala Cartel and one of them had the 'tiro de gracia'. The attack is being linked to a clash between the Sinaloa Car…"
2024-06-27,2024,CJNG,Santa Rosa de Lima,5,Guanajuato,Celaya,20.5215,-100.814,"On 27 June 2024, in Celaya, Guanajuato, according to witnesses, six masked armed men entered a bar and shot at people inside a bar in la colonia Renacimiento. Three people were shot dead while another two died after being suffocated by molotov bomb thrown by the perpetrators. Another six people were injured. The perpetrators left a message and tried to set the place on fire. According to the inve…"
2024-06-30,2024,Fuerza Anti Union,La Union Tepito,1,Ciudad de Mexico,Ciudad de Mexico - Cuauhtemoc,19.4313,-99.1531,"On 30 June 2024, in Ciudad de Mexico - Cuauhtemoc, members of the Fuerza Anti Union and La Union Tepito clashed inside the bar named 'La Puri' as part of a constant fight over the control of the territory. A woman was killed with a stray bullet. 1 fatality."
2024-07-11,2024,Los Chapitos (Sinaloa),Los Rusos,1,Sinaloa,Culiacan Rosales,24.8088,-107.394,"On 11 July 2024, in Culiacan Rosales, Sinaloa, armed individuals shot and killed a man and fled the scene. The man was identified as local leader of Los Rusos gang. It is suspected that the attack was between Los Rusos and Los Chapitos gang over the control of territory. 1 fatality."
2024-07-20,2024,CJNG,Sinaloa Cartel,0,Chiapas,Escobillal,15.5375,-92.1394,"Around 20 July 2024 (between 20 - 21 July), in Escobillal, Chiapas, rival criminal groups, likely members of the Sinaloa Cartel and the CJNG, engaged in armed clashes. The clashes have caused more than 600 people to displace and seek refuge in Guatemala. Casualties unknown."
2024-07-20,2024,CJNG,Sinaloa Cartel,0,Chiapas,Nuevo Amatenango,15.5119,-92.1121,"Around 20 July 2024 (between 20 - 21 July), in Nuevo Amatenango, Chiapas, rival criminal groups, likely members of the Sinaloa Cartel and the CJNG, engaged in armed clashes. The clashes have caused more than 600 people to displace and seek refuge in Guatemala. Casualties unknown."
2024-07-20,2024,CJNG,Sinaloa Cartel,0,Chiapas,Sonora,15.5438,-92.1459,"Around 20 July 2024 (between 20 - 21 July), in Sonora, Chiapas, rival criminal groups, likely members of the Sinaloa Cartel and the CJNG, engaged in armed clashes. The clashes have caused more than 600 people to displace and seek refuge in Guatemala. Casualties unknown."
2024-07-20,2024,CJNG,Sinaloa Cartel,0,Chiapas,Chicomuselo,15.7449,-92.2833,"Around 20 July 2024 (between 20 - 21 July), in Chicomuselo, Chiapas, rival criminal groups, likely members of the Sinaloa Cartel and the CJNG, engaged in armed clashes. The clashes have caused more than 600 people to displace and seek refuge in Guatemala. Casualties unknown."
2024-07-20,2024,CJNG,Sinaloa Cartel,0,Chiapas,Siltepec,15.5554,-92.3248,"Around 20 July 2024 (between 20 - 21 July), in Siltepec, Chiapas, rival criminal groups, likely members of the Sinaloa Cartel and the CJNG, engaged in armed clashes. The clashes have caused more than 600 people to displace and seek refuge in Guatemala. Casualties unknown."
2024-07-20,2024,CJNG,Sinaloa Cartel,0,Chiapas,20 de Noviembre,14.9773,-92.2646,"Around 20 July 2024 (between 20 - 21 July), close to 20 de Noviembre, Chiapas, rival criminal groups, likely members of the Sinaloa Cartel and the CJNG, engaged in armed clashes. The clashes have caused more than 600 people to displace and seek refuge in Guatemala. Casualties unknown."
2024-07-20,2024,CJNG,Sinaloa Cartel,0,Chiapas,Zacualpa,15.1682,-92.6271,"Around 20 July 2024 (between 20 - 21 July), in Zacualpa, Chiapas, rival criminal groups, likely members of the Sinaloa Cartel and the CJNG, engaged in armed clashes. The clashes have caused more than 600 people to displace and seek refuge in Guatemala. Casualties unknown."
2024-07-20,2024,CJNG,Sinaloa Cartel,0,Chiapas,Piedra Labrada,15.6806,-92.3036,"Around 20 July 2024 (between 20 - 21 July), in Piedra Labrada, Chiapas, rival criminal groups, likely members of the Sinaloa Cartel and the CJNG, engaged in armed clashes. The clashes have caused more than 600 people to displace and seek refuge in Guatemala. Casualties unknown."
2024-07-22,2024,CJNG,Sinaloa Cartel,1,Chiapas,Siltepec,15.5554,-92.3248,"On 22 July 2024, in Siltepec, Chiapas, rival criminal groups, likely members of the Sinaloa Cartel and the CJNG, engaged in armed clashes. At least one mas was killed during the clash. Clashes have been ongoing in the area since 20 July. The clashes have caused more than 600 people to displace and seek refuge in Guatemala. At least 1 fatality."
2024-07-24,2024,CJNG,Sinaloa Cartel,0,Chiapas,Amatenango de la Frontera,15.4347,-92.1156,"On 24 July 2024, in Amatenango de la Frontera, Chiapas, members of the CJNG and the Sinaloa Cartel clashed using drones with explosives and vehicles. Clashes between these two groups have been ongoing since 20 July (coded separately). Casualties unknown."
2024-08-17,2024,CJNG,Sinaloa Cartel,7,Nayarit,El Aserradero,22.8449,-105.1227,"Around 17 August 2024, close to El Aserradero, Nayarit, members of the CJNG and the Sinaloa Cartel engaged in an armed clash between Aserradero and La Guacamaya. Seven men were killed as a result. 7 fatalities."
2024-08-19,2024,Chiapas and Guatemala,Sinaloa Cartel,0,Chiapas,Chicomuselo,15.7449,-92.2833,"On 19 August 2024, in Chicomuselo, Chiapas, there was an armed clash between criminal members. According to local sources, members of the Chiapas and Guatemala Cartel-allied with the CJNG-repelled the incursion of a cell of the Sinaloa Cartel, resulting in a series of shootouts and blockades on the access roads to the town. The criminal members forced the residents to block the entrance to the co…"
2024-08-25,2024,CJNG,Sinaloa Cartel,5,Chiapas,Bejucal de Ocampo,15.4554,-92.1583,"On 25 August 2024, in Bejucal de Ocampo, Chiapas, members of the CJNG and the Sinaloa Cartel clashed in the Barrio Reforma area. At least five residents were killed, though other repots suggest that 10 people were killed. At least 700 residents fled the area after the clashes. At least 5 fatalities."
2024-08-29,2024,CJNG,La Familia Michoacana,1,Guanajuato,Leon de los Aldama,21.122,-101.6832,"On 29 August 2024, in Leon de los Aldama, Guanajuato, a member of La Familia Michoacana killed a leader of the CJNG in Guanajuato, who was also a former member of La Tecampanera self-defense group. The execution was recorded in a video that was later published. 1 fatality."
2024-09-08,2024,La Empresa,Sinaloa Cartel,2,Chihuahua,Manuel Benavides,29.1049,-103.9063,"On 8 September 2024, in Manuel Benavides, Chihuahua, members of the Sinaloa Cartel and La Empresa Gang (armed wing of the Juarez cartel) clashed and two people were killed. The clash occurred in amid at least two other clashes between gangs in the municipality (coded separately). Authorities later deployed at least 70 army officers to reinforce security in the area. 2 fatalities."
2024-09-08,2024,La Empresa,Sinaloa Cartel,1,Chihuahua,Manuel Ojinaga,29.5645,-104.4157,"On 8 September 2024, in Manuel Ojinaga, Chihuahua, a man was killed in a clash between members of the Sinaloa Cartel and La Empresa Gang (armed wing of the Juarez cartel). The victim was located inside a vehicle along with chargers and firearms. The clash occurred in amid at least two other clashes between gangs in the municipality (coded separately). Authorities later deployed at least 70 army o…"
2024-09-08,2024,La Empresa,Sinaloa Cartel,1,Chihuahua,El Mulato,29.3954,-104.1691,"Around 8 September 2024 (as reported), in El Mulato, Chihuahua, a person was killed during a clash between members of the Sinaloa Cartel and La Empresa Gang, armed wing of the Juarez cartel. The victim was located next to a burned vehicle and dozens of ballistic casings. The clash occurred in amid at least two other clashes between gangs in the municipality (coded separately). Authorities later d…"
2024-09-09,2024,Los Chapitos (Sinaloa),Los Mayitos,1,Sinaloa,Costa Rica,24.5895,-107.392,"On 9 September 2024, in Costa Rica, Sinaloa, there was an armed clash between gangs (likely Los Chapitos Gang and Los Mayitos Gang) on the Mexico 15 road. A man was killed and his body was found among vehicles that were blocking the road 500 m. south of Splash club. The event is likely related to the ongoing fight between the Sinaloa Cartel factions of Los Mayitos and Los Chapitos gangs in the mu…"
2024-09-09,2024,Los Chapitos (Sinaloa),Los Mayitos,4,Sinaloa,Culiacan Rosales,24.8088,-107.394,"On 9 September 2024, in Culiacan Rosales, Sinaloa, members of Los Mayitos gang and Los Chapitos gang started a clash during the early morning hours. It is suspected that the clash began after Los Mayitos' security chief ordered to fight Los Chapitos in response to the arrest of Sinaloa Cartel leader Ismael Mayo Zambada (coded separately). State, federal, and military police were deployed to preve…"
2024-09-09,2024,La Empresa,Sinaloa Cartel,2,Chihuahua,El Mulato,29.3954,-104.1691,"Around 9 September 2024 (as reported), in El Mulato, Chihuahua, two people were killed and their bodies were found in front of a funeral home. The victims were killed during a clash between members of the Sinaloa Cartel and La Empresa Gang, armed wing of the Juarez cartel in amid at least two other clashes between gangs in the municipality (coded separately). 2 fatalities."
2024-09-10,2024,Los Chapitos (Sinaloa),Los Mayitos,0,Sinaloa,Culiacan Rosales,24.8088,-107.394,"On 10 September 2024, in Culiacan Rosales, Sinaloa, armed individuals on vehicles clashed by pantheon San Martin, La Costerita bridge and along International Mexico 15 road, moving towards the south of the municipality. An alternative version indicates that there was no clash, but armed individuals shot into the air. Army officers chased the vehicles until the village of Los Arrayanes, where they…"
2024-09-11,2024,CJNG,Chiapas and Guatemala,0,Chiapas,Fraccion la Esperanza el Tumbi,16.1976,-93.2837,"On 11 September 2024, in Fraccion la Esperanza el Tumbi, Chiapas, there was an armed clash between rival members of criminal groups over the control for the territory. According to one of the sources, police reports state that the clash was between the CJNG and the CCYG. This event was replicated in another location (coded separately). Casualties unknown."
2024-09-11,2024,Los Chapitos (Sinaloa),Los Mayitos,0,Sinaloa,La Loma,24.3802,-107.2261,"On 11 September 2024, in La Loma (Loma de Redo), Sinaloa, there was an armed clash between rival armed groups. This event was replicated in other locations in the municipality (coded separately). The armed men also shot at a vehicle from a farm company. The event is likely related to the ongoing fight between the Sinaloa Cartel factions of Los Mayitos and Los Chapitos gangs in the municipality of…"
2024-09-11,2024,Los Chapitos (Sinaloa),Los Mayitos,0,Sinaloa,Obispo,24.3066,-107.1018,"On 11 September 2024, in Obispo, Sinaloa, there was an armed clash between rival armed groups. This event was replicated in other locations in the municipality (coded separately). The event is likely related to the ongoing fight between the Sinaloa Cartel factions of Los Mayitos and Los Chapitos gangs in the municipality of Culiacan that started on 9 September. Casualties unknown."
2024-09-11,2024,Los Chapitos (Sinaloa),Los Mayitos,2,Sinaloa,Culiacan Rosales,24.8088,-107.394,"On 11 September 2024, in Culiacan Rosales, Sinaloa, for the third day in a row, armed individuals from criminal groups clashed in different parts of the city. The armed men also shot at a urban vehicle and set it on fire to set a (narco) roadblock on the area of La Costerita, Obregon and Brarrancos. One person was killed and another two were injured. The event was recorded in video and shared on…"
2024-09-11,2024,Los Chapitos (Sinaloa),Los Mayitos,0,Sinaloa,Baila,24.1825,-106.973,"On 11 September 2024, in Baila, Sinaloa, there was an armed clash between rival armed groups. This event was replicated in other locations in the municipality (coded separately). The event is likely related to the ongoing fight between the Sinaloa Cartel factions of Los Mayitos and Los Chapitos gangs in the municipality of Culiacan that started on 9 September. Casualties unknown."
2024-09-11,2024,Los Chapitos (Sinaloa),Los Mayitos,0,Sinaloa,Jacola,24.189,-107.1521,"On 11 September 2024, in Jacola, Sinaloa, there was an armed clash between rival armed groups. This event was replicated in other locations in the municipality (coded separately). The event is likely related to the ongoing fight between the Sinaloa Cartel factions of Los Mayitos and Los Chapitos gangs in the municipality of Culiacan that started on 9 September. Casualties unknown."
2024-09-11,2024,Los Chapitos (Sinaloa),Los Mayitos,0,Sinaloa,Pueblo Nuevo de Canachi,24.1405,-107.1067,"On 11 September 2024, in Pueblo Nuevo de Canachi, Sinaloa, there was an armed clash between rival armed groups. This event was replicated in other locations in the municipality (coded separately). The event is likely related to the ongoing fight between the Sinaloa Cartel factions of Los Mayitos and Los Chapitos gangs in the municipality of Culiacan that started on 9 September. Casualties unknown."
2024-09-11,2024,Los Chapitos (Sinaloa),Los Mayitos,2,Sinaloa,Quila,24.4246,-107.2196,"On 11 September 2024, in Quila, Sinaloa, there was an armed clash between dozens of armed men from criminal groups. The event was recorded in video and shared on social media. Four people who were workers were injured with stray bullets. The armed individuals also set a (narco) roadblock. Another (narco) roadblock was also replicated in Culiacan city and Elota municipality (coded separately). Acc…"
2024-09-12,2024,CJNG,Sinaloa Cartel,11,Nayarit,Huajicori,22.6396,-105.3315,"On 12 September 2024, in Huajicori, Nayarit, there was an armed clash between members of the Sinaloa Cartel and the Jalisco New Generation Cartel. At least eleven armed men were killed. 11 fatalities."
2024-09-19,2024,Los Chapitos (Sinaloa),Los Mayitos,1,Sinaloa,Culiacan Rosales,24.8088,-107.394,"Around 19 September 2024 (as reported), in Culiacan Rosales, Sinaloa, a woman was killed by suspected members of Los Mayitos and her body was found with a frog in her mouth and a walkie talkie next to her. The walkie-talkie is suspected to mean the woman is the eyes and ears for the Los Chapos and the frog is suspected to mean she is a traitor. The event is likely related to the ongoing fight bet…"
2024-09-20,2024,CJNG,Caballeros Templarios,0,Michoacan de Ocampo,Los Charcos,19.0217,-102.5084,"On 20 September 2024, in Los Charcos, Michoacan de Ocampo, Los Caballeros Templarios gang and the CJNG from Jalisco and Michoacan de Ocampo engaged in armed clashes in several municipalities of Apatzingan. No casualties."
2024-09-20,2024,CJNG,Caballeros Templarios,0,Michoacan de Ocampo,Los Tepetates,19.0922,-102.3208,"On 20 September 2024, in Los Tepetates, Michoacan de Ocampo, Los Caballeros Templarios gang and the CJNG from Jalisco and Michoacan de Ocampo engaged in armed clashes in several municipalities of Apatzingan. No casualties."
2024-09-20,2024,CJNG,Caballeros Templarios,0,Michoacan de Ocampo,Las Bateas,18.9906,-102.4858,"On 20 September 2024, in Las Bateas, Michoacan de Ocampo, Los Caballeros Templarios gang and the CJNG from Jalisco and Michoacan de Ocampo engaged in armed clashes in several municipalities of Apatzingan. No casualties."
2024-09-20,2024,CJNG,Caballeros Templarios,0,Michoacan de Ocampo,El Llano Grande,18.9924,-102.5366,"On 20 September 2024, in El Llano Grande, Michoacan de Ocampo, Los Caballeros Templarios gang and the CJNG from Jalisco and Michoacan de Ocampo engaged in armed clashes in several municipalities of Apatzingan. No casualties."
2024-09-20,2024,CJNG,Caballeros Templarios,0,Michoacan de Ocampo,El Alcalde,18.9583,-102.4589,"On 20 September 2024, in El Alcalde, Michoacan de Ocampo, Los Caballeros Templarios gang and the CJNG from Jalisco and Michoacan de Ocampo engaged in armed clashes in several municipalities of Apatzingan. No casualties."
2024-09-26,2024,Los Chapitos (Sinaloa),Los Mayitos,8,Sinaloa,Loberas,23.4956,-105.8396,"On 26 September 2024, in Loberas, Sinaloa, suspected members of Los Chapitos Gang and Los Mayitos Gang clashed. Eight men were killed and another was injured. The event is likely related to the ongoing fight between the Sinaloa Cartel factions in the municipality of Culiacan that started on 9 September (coded separately). 8 fatalities."
2024-10-20,2024,CJNG,Caballeros Templarios,0,Michoacan de Ocampo,Puerta Chica,19.1913,-102.2075,"On 20 October 2024, in Puerta Chica, Michoacan de Ocampo, armed groups clashed. According to military sources, the Jalisco New Generation Cartel (CJNG) and Los Caballeros Templarios Gang were involved in this clash. This event is linked to a clash that took place the same day in Los Bancos (coded separately). Casualties unknown."
2024-10-20,2024,CJNG,Caballeros Templarios,0,Michoacan de Ocampo,Los Bancos,19.1828,-102.2077,"On 20 October 2024, in Los Bancos, Michoacan de Ocampo, armed groups clashed. According to military sources, the Jalisco New Generation Cartel (CJNG) and Los Caballeros Templarios Gang were involved in this clash. This event is linked to a clash that took place the same day in Puerta Chica, also known as Barrio Seco (coded separately). Casualties unknown."
2024-11-08,2024,CJNG,Caballeros Templarios,1,Michoacan de Ocampo,El Capire,19.1235,-102.0162,"On 8 November 2024, in El Capire, Michoacan de Ocampo, members of Los Caballeros Templarios Gang and the Jalisco New Generation Cartel (CJNG) clashed. This event is related to other clashes that took place in El Alcalde, Las Bateas, Los Tepetates, and Los Charcos (coded separately). Military, National Guard, and Civil Guard officers arrived at the scene and clashed with armed individuals, killing…"
2024-11-08,2024,CJNG,Caballeros Templarios,1,Michoacan de Ocampo,Los Charcos,19.0217,-102.5084,"On 8 November 2024, in Los Charcos, Michoacan de Ocampo, members of Los Caballeros Templarios Gang and the Jalisco New Generation Cartel (CJNG) clashed. This event is related to other clashes that took place in El Alcalde, Las Bateas, Los Tepetates, and El Capire (coded separately). Military, National Guard, and State Police officers arrived at the scene and clashed with armed individuals, killin…"
2024-11-08,2024,CJNG,Caballeros Templarios,0,Michoacan de Ocampo,Los Tepetates,19.0922,-102.3208,"On 8 November 2024, in Los Tepetates, Michoacan de Ocampo, members of Los Caballeros Templarios Gang and the Jalisco New Generation Cartel (CJNG) clashed. This event is related to other clashes that took place in El Alcalde, Las Bateas, Los Charcos, and El Capire (coded separately). Military, National Guard, and Civil Guard officers arrived at the scene and arrested one of the armed individuals,…"
2024-11-08,2024,CJNG,Caballeros Templarios,0,Michoacan de Ocampo,Las Bateas,18.9906,-102.4858,"On 8 November 2024, in Las Bateas, Michoacan de Ocampo, members of Los Caballeros Templarios Gang and the Jalisco New Generation Cartel (CJNG) clashed. This event is related to other clashes that took place in El Alcalde, Los Tepetates, Los Charcos, and El Capire (coded separately). Casualties unknown."
2024-11-08,2024,CJNG,Caballeros Templarios,0,Michoacan de Ocampo,El Alcalde,18.9583,-102.4589,"On 8 November 2024, in El Alcalde, Michoacan de Ocampo, members of Los Caballeros Templarios Gang and the Jalisco New Generation Cartel (CJNG) clashed. This event is related to other clashes that took place in Las Bateas, Los Tepetates, Los Charcos, and El Capire (coded separately). Casualties unknown."
2024-11-09,2024,CJNG,Santa Rosa de Lima,10,Queretaro,Santiago de Queretaro,20.5934,-100.39,"On 9 November 2024, in Santiago de Queretaro, Queretaro, according to witnesses, four suspected members of the Santa Rosa de Lima Cartel entered Los Cantaritos bar on Circunvalacion avenue, in Colonia San Javier, and shot and killed 10 people (seven men and three women). 13 other people were injured. According to security authorities, the attack targeted one of the killed men, who was the leader…"
2024-11-16,2024,CJNG,Caballeros Templarios,0,Michoacan de Ocampo,Paracuaro,19.1458,-102.22,"On 16 November 2024, in Paracuaro, Michoacan, there was an armed clash between members of the CJNG and Los Caballeros Templarios. The clash started in another location in the municipality (coded separately). A man was shot and injured with a stray bullet."
2024-11-16,2024,CJNG,Caballeros Templarios,0,Michoacan de Ocampo,Los Bancos,19.1828,-102.2077,"On 16 November 2024, in Los Bancos, Michoacan, there was an armed clash between members of the CJNG and Los Caballeros Templarios gang. The clash also occurred in the center of the municipality (coded separately). Casualties unknown."
2024-11-22,2024,Los Escorpiones,Los Zetas Vieja Escuela,6,Tamaulipas,Plan de Alazan,25.3611,-98.0441,"Around 22 November 2024 (as reported), on San Fernando-Reynosa road (coded to Plan de Alazan), Tamaulipas, suspected members of Los Escorpiones Gang killed six suspected members of Los Zetas Vieja Escuela Gang and their bodies were found with signs of torture, gunshot wounds, and the hands tied by Brecha 113, which leads to Ejido Martin Rocha, near Ejido Plan de Alazan. Some of the bodies were pi…"
2024-11-29,2024,Los Chapitos (Sinaloa),Los Mayitos,1,Sinaloa,Culiacan Rosales,24.8088,-107.394,"Around 29 November 2024 (as reported), in Culiacan Rosales, Sinaloa, members of Los Chapitos Gang raided and killed a member of the MF Group of Los Mayitos Gang. The victim was accused to be the perpetrators of an attack against a local video game business. The event was recorded in video and shared on social media. 1 fatality."
